"UC","Grupos","Família","Gênero","Espécie","Autor","Táxon_completo","Barcode","BD_Origem","Herbário","Coletor","Número_da_Coleta","Origem_FFBr","ConfiançaID","ConfiançaLoc","Localidade","Já listada"
"REFÚGIO DE VIDA SILVESTRE AIMORÉS","Angiosperms","Anacardiaceae","Lithraea","molleoides","(Vell.) Engl.","ANACARDIACEAE Lithraea molleoides (Vell.) Engl.","104832","GBIF","UEC","Pinheiro, M.H.O.","118","Native","Bronze","Low","Jardim Botânico Municipal, Mata mesófila.","Não"
"REFÚGIO DE VIDA SILVESTRE AIMORÉS","Angiosperms","Anacardiaceae","Tapirira","guianensis","Aubl.","ANACARDIACEAE Tapirira guianensis Aubl.","18537","GBIF","Escola Superior de Agricultura ''Luiz de Queiroz'' - ESALQ/USP","Carboni, M.",,"Native","Latão","Low","Campus da UNESP","Não"
"REFÚGIO DE VIDA SILVESTRE AIMORÉS","Angiosperms","Annonaceae","Annona","coriacea","Mart.","ANNONACEAE Annona coriacea Mart.","20372","GBIF","Universidade Estadual Paulista ''Júlio de Mesquita Filho''","Rissi, M.N.",,"Native","Latão","Low","Área dos posseiros.","Não"
"REFÚGIO DE VIDA SILVESTRE AIMORÉS","Angiosperms","Annonaceae","Duguetia","furfuracea","(A.St.-Hil.) Saff.","ANNONACEAE Duguetia furfuracea (A.St.-Hil.) Saff.","20372","GBIF","Universidade Estadual Paulista ''Júlio de Mesquita Filho''","Rissi, M.N.",,"Native","Latão","Low","Área dos posseiros.","Não"
"REFÚGIO DE VIDA SILVESTRE AIMORÉS","Angiosperms","Annonaceae","Xylopia","aromatica","(Lam.) Mart.","ANNONACEAE Xylopia aromatica (Lam.) Mart.","113077","GBIF","UEC","Pinheiro, M.H.O.","527","Native","Ouro","Low","Jardim Botânico Municipal de Bauru","Não"
"REFÚGIO DE VIDA SILVESTRE AIMORÉS","Angiosperms","Annonaceae","Xylopia","emarginata","Mart.","ANNONACEAE Xylopia emarginata Mart.","18537","GBIF","Escola Superior de Agricultura ''Luiz de Queiroz'' - ESALQ/USP","Carboni, M.",,"Native","Latão","Low","Campus da UNESP","Não"
"REFÚGIO DE VIDA SILVESTRE AIMORÉS","Angiosperms","Apocynaceae","Himatanthus","obovatus","(Müll. Arg.) Woodson","APOCYNACEAE Himatanthus obovatus (Müll. Arg.) Woodson","34365","GBIF","HRCB","Pinheiro, M.H.O.","649","Native","Bronze","Low","Jardim Botânico Municipal de Bauru","Não"
"REFÚGIO DE VIDA SILVESTRE AIMORÉS","Angiosperms","Apocynaceae","Odontadenia","lutea","(Vell.) Markgr.","APOCYNACEAE Odontadenia lutea (Vell.) Markgr.","163382","GBIF","UEC","Weiser, V.L.","112","Native","Ouro","Low","Jardim Botânico Municipal de Bauru, Trilha para Antiga Raia.","Não"
"REFÚGIO DE VIDA SILVESTRE AIMORÉS","Angiosperms","Apocynaceae","Peplonia","adnata","(E.Fourn.) U.C.S.Silva & Rapini","APOCYNACEAE Peplonia adnata (E.Fourn.) U.C.S.Silva & Rapini","R010030461","Reflora","R","Weiser, V.L.","600","Native","Ouro","Low","Jardim botânico Municipal de bauru.","Não"
"REFÚGIO DE VIDA SILVESTRE AIMORÉS","Angiosperms","Apocynaceae","Tabernaemontana","hystrix","Steud.","APOCYNACEAE Tabernaemontana hystrix Steud.","34385","GBIF","HRCB","Pinheiro, M.H.O.","379","Native","Bronze","Low","Jardim Botânico Municipal de Bauru","Não"
"REFÚGIO DE VIDA SILVESTRE AIMORÉS","Angiosperms","Apocynaceae","Temnadenia","violacea","(Vell.) Miers","APOCYNACEAE Temnadenia violacea (Vell.) Miers","163379","GBIF","UEC","Weiser, V.L.","510","Native","Ouro","Low","Jardim Botânico Municipal de Bauru, Antiga Raia.","Não"
"REFÚGIO DE VIDA SILVESTRE AIMORÉS",,"Apocynaceae","Vailia","picta","(Vahl) Morillo","APOCYNACEAE Vailia picta (Vahl) Morillo","6155","Splink","UNBA","Silva, S.S.",,,"Bronze","High","Gleba II do Refúgio de Vida Silvestre Aimorés","Não"
"REFÚGIO DE VIDA SILVESTRE AIMORÉS","Angiosperms","Aquifoliaceae","Ilex","brasiliensis","(Spreng.) Loes.","AQUIFOLIACEAE Ilex brasiliensis (Spreng.) Loes.","18537","GBIF","Escola Superior de Agricultura ''Luiz de Queiroz'' - ESALQ/USP","Carboni, M.",,"Native","Latão","Low","Campus da UNESP","Não"
"REFÚGIO DE VIDA SILVESTRE AIMORÉS","Angiosperms","Araliaceae","Dendropanax","cuneatus","(DC.) Decne. & Planch.","ARALIACEAE Dendropanax cuneatus (DC.) Decne. & Planch.","112627","GBIF","UEC","Pinheiro, M.H.O.","790","Native","Ouro","Low","Jardim Botânico Municipal","Não"
"REFÚGIO DE VIDA SILVESTRE AIMORÉS","Angiosperms","Araliaceae","Didymopanax","vinosus","(Cham. & Schltdl.) Marchal","ARALIACEAE Didymopanax vinosus (Cham. & Schltdl.) Marchal",,"Splink","ALCB","Pinheiro, M.H.O.","307","Native","Ouro","Low","Jardim Botânico Municipal","Não"
"REFÚGIO DE VIDA SILVESTRE AIMORÉS","Gymnosperms","Araucariaceae","Araucaria","angustifolia","(Bertol.) Kuntze","ARAUCARIACEAE Araucaria angustifolia (Bertol.) Kuntze","PMSP009936","GBIF","PMSP","Venancio, N.C.","801","Native","Bronze","Low","Jardim Botânico Municipal de Bauru. Arboreto.","Não"
"REFÚGIO DE VIDA SILVESTRE AIMORÉS","Angiosperms","Arecaceae","Geonoma","brevispatha","Barb.Rodr.","ARECACEAE Geonoma brevispatha Barb.Rodr.","18537","GBIF","Escola Superior de Agricultura ''Luiz de Queiroz'' - ESALQ/USP","Carboni, M.",,"Native","Latão","Low","Campus da UNESP","Não"
"REFÚGIO DE VIDA SILVESTRE AIMORÉS","Angiosperms","Arecaceae","Syagrus","romanzoffiana","(Cham.) Glassman","ARECACEAE Syagrus romanzoffiana (Cham.) Glassman","80595","GBIF","IPA","Pinheiro, M.H.O.","682","Native","Bronze","Low","Jardim Botânico Municipal de Bauru.","Não"
"REFÚGIO DE VIDA SILVESTRE AIMORÉS","Angiosperms","Asteraceae","Acanthospermum","australe","(Loefl.) Kuntze","ASTERACEAE Acanthospermum australe (Loefl.) Kuntze","6191","Splink","UNBA","Silva, S.S.",,"Native","Bronze","High","Gleba II do Refúgio de Vida Silvestre Aimorés","Não"
"REFÚGIO DE VIDA SILVESTRE AIMORÉS","Angiosperms","Asteraceae","Achyrocline","satureioides","(Lam.) DC.","ASTERACEAE Achyrocline satureioides (Lam.) DC.","32481","GBIF","HRCB","Pinheiro, M.H.O.","742","Native","Ouro","Low","Jardim Botânico Municipal de Bauru","Não"
"REFÚGIO DE VIDA SILVESTRE AIMORÉS","Angiosperms","Asteraceae","Ageratum","conyzoides","L.","ASTERACEAE Ageratum conyzoides L.","6199","Splink","UNBA","Silva, S.S.",,"Native","Bronze","High","Gleba II do Refúgio de Vida Silvestre Aimorés","Não"
"REFÚGIO DE VIDA SILVESTRE AIMORÉS","Angiosperms","Asteraceae","Austroeupatorium","inulaefolium","(Kunth) R.M.King & H.Rob.","ASTERACEAE Austroeupatorium inulaefolium (Kunth) R.M.King & H.Rob.","32490","GBIF","HRCB","Pinheiro, M.H.O.","772","Native","Bronze","Low","Jardim Botânico Municipal de Bauru","Não"
"REFÚGIO DE VIDA SILVESTRE AIMORÉS","Angiosperms","Asteraceae","Baccharis","caprariifolia","DC.","ASTERACEAE Baccharis caprariifolia DC.","32478","GBIF","HRCB","Pinheiro, M.H.O.","688","Native","Bronze","Low","Jardim Botânico Municipal de Bauru","Não"
"REFÚGIO DE VIDA SILVESTRE AIMORÉS","Angiosperms","Asteraceae","Baccharis","dracunculifolia","DC.","ASTERACEAE Baccharis dracunculifolia DC.","6194","Splink","UNBA","Silva, S.S.",,"Native","Bronze","High","Gleba II do Refúgio de Vida Silvestre Aimorés","Não"
"REFÚGIO DE VIDA SILVESTRE AIMORÉS","Angiosperms","Asteraceae","Baccharis","spicata","(Lam.) Baill.","ASTERACEAE Baccharis spicata (Lam.) Baill.","32479","GBIF","HRCB","Pinheiro, M.H.O.","748","Native","Bronze","Low","Jardim Botânico Municipal de Bauru","Não"
"REFÚGIO DE VIDA SILVESTRE AIMORÉS","Angiosperms","Asteraceae","Bidens","gardneri","Baker","ASTERACEAE Bidens gardneri Baker","28115","GBIF","HRCB","Pinheiro, M.H.O.","739","Native","Ouro","Low","Jardim Botânico Municipal de Bauru","Não"
"REFÚGIO DE VIDA SILVESTRE AIMORÉS","Angiosperms","Asteraceae","Bidens","squarrosa","Kunth","ASTERACEAE Bidens squarrosa Kunth","18537","GBIF","Escola Superior de Agricultura ''Luiz de Queiroz'' - ESALQ/USP","Carboni, M.",,"Naturalized","Latão","Low","Campus da UNESP","Não"
"REFÚGIO DE VIDA SILVESTRE AIMORÉS","Angiosperms","Asteraceae","Chromolaena","laevigata","(Lam.) R.M.King & H.Rob.","ASTERACEAE Chromolaena laevigata (Lam.) R.M.King & H.Rob.","28110","GBIF","HRCB","Pinheiro, M.H.O.","299","Native","Ouro","Low","Jardim Botânico Municipal de Bauru","Não"
"REFÚGIO DE VIDA SILVESTRE AIMORÉS","Angiosperms","Asteraceae","Chromolaena","odorata","(L.) R.M.King & H.Rob.","ASTERACEAE Chromolaena odorata (L.) R.M.King & H.Rob.","5922","GBIF",,"Fonseca, C.R.",,"Native","Latão","Low","Jardim Botânico de Bauru","Não"
"REFÚGIO DE VIDA SILVESTRE AIMORÉS","Angiosperms","Asteraceae","Clibadium","armanii","(Balb.) Sch.Bip. ex O.E.Schulz","ASTERACEAE Clibadium armanii (Balb.) Sch.Bip. ex O.E.Schulz","34425","GBIF","HRCB","Pinheiro, M.H.O.","691","Native","Ouro","Low","Jardim Botânico Municipal de Bauru","Não"
"REFÚGIO DE VIDA SILVESTRE AIMORÉS","Angiosperms","Asteraceae","Cyrtocymura","scorpioides","(Lam.) H.Rob.","ASTERACEAE Cyrtocymura scorpioides (Lam.) H.Rob.","18537","GBIF","Escola Superior de Agricultura ''Luiz de Queiroz'' - ESALQ/USP","Carboni, M.",,"Native","Latão","Low","Campus da UNESP","Não"
"REFÚGIO DE VIDA SILVESTRE AIMORÉS","Angiosperms","Asteraceae","Elephantopus","mollis","Kunth","ASTERACEAE Elephantopus mollis Kunth","18537","GBIF","Escola Superior de Agricultura ''Luiz de Queiroz'' - ESALQ/USP","Carboni, M.",,"Native","Latão","Low","Campus da UNESP","Não"
"REFÚGIO DE VIDA SILVESTRE AIMORÉS","Angiosperms","Asteraceae","Emilia","fosbergii","Nicolson","ASTERACEAE Emilia fosbergii Nicolson","6201","Splink","UNBA","Silva, S.S.",,"Naturalized","Bronze","High","Gleba II do Refúgio de Vida Silvestre Aimorés","Não"
"REFÚGIO DE VIDA SILVESTRE AIMORÉS","Angiosperms","Asteraceae","Erechtites","hieracifolius","(L.) Raf. ex DC.","ASTERACEAE Erechtites hieracifolius (L.) Raf. ex DC.","6144","Splink","UNBA","Silva, S.S.",,"Native","Bronze","High","Banco de sementes do solo, coletado nas parcelas permanentes da Gleba II do RVS Aimorés na estação chuvosa","Não"
"REFÚGIO DE VIDA SILVESTRE AIMORÉS","Angiosperms","Asteraceae","Gamochaeta","americana","(Mill.) Wedd.","ASTERACEAE Gamochaeta americana (Mill.) Wedd.","6183","Splink","UNBA","Silva, S.S.",,"Native","Bronze","High","Gleba II do Refúgio de Vida Silvestre Aimorés","Não"
"REFÚGIO DE VIDA SILVESTRE AIMORÉS","Angiosperms","Asteraceae","Gamochaeta","pensylvanica","(Willd.) Cabrera","ASTERACEAE Gamochaeta pensylvanica (Willd.) Cabrera","6202","Splink","UNBA","Silva, S.S.",,"Native","Bronze","High","Gleba II do Refúgio de Vida Silvestre Aimorés","Não"
"REFÚGIO DE VIDA SILVESTRE AIMORÉS","Angiosperms","Asteraceae","Lepidaploa","aurea","(Mart. ex DC.) H.Rob.","ASTERACEAE Lepidaploa aurea (Mart. ex DC.) H.Rob.","6174","Splink","UNBA","Silva, S.S.",,"Native","Bronze","High","Gleba II do Refúgio de Vida Silvestre Aimorés","Não"
"REFÚGIO DE VIDA SILVESTRE AIMORÉS","Angiosperms","Asteraceae","Lepidaploa","salzmannii","(DC.) H.Rob.","ASTERACEAE Lepidaploa salzmannii (DC.) H.Rob.","34372","GBIF","HRCB","Pinheiro, M.H.O.","797","Native","Ouro","Low","Jardim Botânico Municipal de Bauru","Não"
"REFÚGIO DE VIDA SILVESTRE AIMORÉS","Angiosperms","Asteraceae","Mikania","campanulata","Gardner","ASTERACEAE Mikania campanulata Gardner","6207","Splink","UNBA","Silva, S.S.",,"Native","Bronze","High","Gleba II do Refúgio de Vida Silvestre Aimorés","Não"
"REFÚGIO DE VIDA SILVESTRE AIMORÉS","Angiosperms","Asteraceae","Mikania","micrantha","Kunth","ASTERACEAE Mikania micrantha Kunth","18537","GBIF","Escola Superior de Agricultura ''Luiz de Queiroz'' - ESALQ/USP","Carboni, M.",,"Native","Latão","Low","Campus da UNESP","Não"
"REFÚGIO DE VIDA SILVESTRE AIMORÉS","Angiosperms","Asteraceae","Moquiniastrum","barrosoae","(Cabrera) G. Sancho","ASTERACEAE Moquiniastrum barrosoae (Cabrera) G. Sancho","32071","GBIF","HRCB","Pinheiro, M.H.O.","365","Native","Ouro","Low","Jardim Botânico Municipal de Bauru","Não"
"REFÚGIO DE VIDA SILVESTRE AIMORÉS","Angiosperms","Asteraceae","Moquiniastrum","polymorphum","(Less.) G. Sancho","ASTERACEAE Moquiniastrum polymorphum (Less.) G. Sancho","28075","GBIF","BOTU","Rissi, M.N.C.S.","162","Native","Ouro","Low","Jardim Botânico Municipal de Bauru (JBMB)","Não"
"REFÚGIO DE VIDA SILVESTRE AIMORÉS","Angiosperms","Asteraceae","Moquiniastrum","pulchrum","(Cabrera) G.Sancho","ASTERACEAE Moquiniastrum pulchrum (Cabrera) G.Sancho","5925","GBIF",,"Fonseca, C.R.",,"Native","Latão","Low","Jardim Botânico de Bauru","Não"
"REFÚGIO DE VIDA SILVESTRE AIMORÉS","Angiosperms","Asteraceae","Orthopappus","angustifolius","(Sw.) Gleason","ASTERACEAE Orthopappus angustifolius (Sw.) Gleason","32068","GBIF","HRCB","Pinheiro, M.H.O.","702","Native","Ouro","Low","Jardim Botânico Municipal de Bauru","Não"
"REFÚGIO DE VIDA SILVESTRE AIMORÉS","Angiosperms","Asteraceae","Piptocarpha","rotundifolia","(Less.) Baker","ASTERACEAE Piptocarpha rotundifolia (Less.) Baker","28107","GBIF","HRCB","Pinheiro, M.H.O.","533","Native","Ouro","Low","Jardim Botânico Municipal de Bauru","Não"
"REFÚGIO DE VIDA SILVESTRE AIMORÉS","Angiosperms","Asteraceae","Porophyllum","ruderale","(Jacq.) Cass.","ASTERACEAE Porophyllum ruderale (Jacq.) Cass.","6162","Splink","UNBA","Silva, S.S.",,"Native","Bronze","High","Gleba II do Refúgio de Vida Silvestre Aimorés","Não"
"REFÚGIO DE VIDA SILVESTRE AIMORÉS","Angiosperms","Asteraceae","Pterocaulon","alopecuroides","(Lam.) DC.","ASTERACEAE Pterocaulon alopecuroides (Lam.) DC.","34417","GBIF","HRCB","Pinheiro, M.H.O.","771","Native","Bronze","Low","Jardim Botânico Municipal de Bauru","Não"
"REFÚGIO DE VIDA SILVESTRE AIMORÉS","Angiosperms","Asteraceae","Trichogonia","salviifolia","Gardner","ASTERACEAE Trichogonia salviifolia Gardner","6192","Splink","UNBA","Silva, S.S.",,"Native","Bronze","High","Gleba II do Refúgio de Vida Silvestre Aimorés","Não"
"REFÚGIO DE VIDA SILVESTRE AIMORÉS","Angiosperms","Asteraceae","Vernonanthura","brasiliana","(L.) H.Rob.","ASTERACEAE Vernonanthura brasiliana (L.) H.Rob.","28112","GBIF","HRCB","Pinheiro, M.H.O.","378","Native","Bronze","Low","Jardim Botânico Municipal de Bauru","Não"
"REFÚGIO DE VIDA SILVESTRE AIMORÉS","Angiosperms","Asteraceae","Vernonanthura","polyanthes","(Sprengel) Vega & Dematteis","ASTERACEAE Vernonanthura polyanthes (Sprengel) Vega & Dematteis","28109","GBIF","HRCB","Pinheiro, M.H.O.","405","Native","Ouro","Low","Jardim Botânico Municipal de Bauru","Não"
"REFÚGIO DE VIDA SILVESTRE AIMORÉS","Angiosperms","Asteraceae","Vernonanthura","tweediana","(Baker) H.Rob.","ASTERACEAE Vernonanthura tweediana (Baker) H.Rob.","32480","GBIF","HRCB","Pinheiro, M.H.O.","698","Native","Ouro","Low","Jardim Botânico Municipal de Bauru","Não"
"REFÚGIO DE VIDA SILVESTRE AIMORÉS","Angiosperms","Asteraceae","Vernonia","rubriramea","Mart. ex DC.","ASTERACEAE Vernonia rubriramea Mart. ex DC.","28111","GBIF","HRCB","Pinheiro, M.H.O.","285",,"Bronze","Low","Jardim Botânico Municipal de Bauru","Não"
"REFÚGIO DE VIDA SILVESTRE AIMORÉS","Angiosperms","Bignoniaceae","Adenocalymma","peregrinum","(Miers) L.G.Lohmann","BIGNONIACEAE Adenocalymma peregrinum (Miers) L.G.Lohmann","192315","GBIF","SPF","Weiser, V.L.","661","Native","Ouro","Low","Jardim Botânico Municipal de Bauru, Trilha para Antiga Raia.","Não"
"REFÚGIO DE VIDA SILVESTRE AIMORÉS","Angiosperms","Bignoniaceae","Amphilophium",,"Kunth emend L.G. Lohmann","BIGNONIACEAE Amphilophium Kunth emend L.G. Lohmann","20372","GBIF","Universidade Estadual Paulista ''Júlio de Mesquita Filho''","Rissi, M.N.",,,"Latão","Low","Área dos posseiros.","Não"
"REFÚGIO DE VIDA SILVESTRE AIMORÉS","Angiosperms","Bignoniaceae","Cuspidaria","floribunda","(DC.) A.H.Gentry","BIGNONIACEAE Cuspidaria floribunda (DC.) A.H.Gentry","160001","GBIF","UEC","Weiser, V.L.","718","Native","Ouro","Low","Jardim Botânico Municipal de Bauru, Trilha principal.","Não"
"REFÚGIO DE VIDA SILVESTRE AIMORÉS","Angiosperms","Bignoniaceae","Cuspidaria","pulchra","(Cham.) L.G.Lohmann","BIGNONIACEAE Cuspidaria pulchra (Cham.) L.G.Lohmann","159995","GBIF","UEC","Weiser, V.L.","390","Native","Ouro","Low","Jardim Botânico Municipal de Bauru, Trilha para Antiga Raia.","Não"
"REFÚGIO DE VIDA SILVESTRE AIMORÉS","Angiosperms","Bignoniaceae","Cybistax","antisyphilitica","(Mart.) Mart.","BIGNONIACEAE Cybistax antisyphilitica (Mart.) Mart.","BOTU034826","Splink","BOTU","Galastri, N.","26","Native","Bronze","Low",,"Não"
"REFÚGIO DE VIDA SILVESTRE AIMORÉS","Angiosperms","Bignoniaceae","Dolichandra","unguis-cati","(L.) L.G.Lohmann","BIGNONIACEAE Dolichandra unguis-cati (L.) L.G.Lohmann","34380","GBIF","HRCB","Pinheiro, M.H.O.","146","Native","Ouro","Low","Jardim Botânico Municipal de Bauru","Não"
"REFÚGIO DE VIDA SILVESTRE AIMORÉS","Angiosperms","Bignoniaceae","Handroanthus","chrysotrichus","(Mart. ex DC.) Mattos","BIGNONIACEAE Handroanthus chrysotrichus (Mart. ex DC.) Mattos","192367","GBIF","SPF","Weiser, V.L.","519","Native","Ouro","Low","Jardim Botânico Municipal de Bauru, trilha para Antiga Raia","Não"
"REFÚGIO DE VIDA SILVESTRE AIMORÉS","Angiosperms","Bignoniaceae","Pyrostegia","venusta","(Ker Gawl.) Miers","BIGNONIACEAE Pyrostegia venusta (Ker Gawl.) Miers","160065","GBIF","UEC","Weiser, V.L.","62","Native","Ouro","Low","Jardim Botânico Municipal de Bauru, Antiga Raia.","Não"
"REFÚGIO DE VIDA SILVESTRE AIMORÉS","Angiosperms","Bignoniaceae","Tabebuia","aurea","(Silva Manso) Benth. & Hook.f. ex S.Moore","BIGNONIACEAE Tabebuia aurea (Silva Manso) Benth. & Hook.f. ex S.Moore","160002","GBIF","UEC","Weiser, V.L.","730","Native","Ouro","Low","Jardim Botânico Municipal de Bauru","Não"
"REFÚGIO DE VIDA SILVESTRE AIMORÉS","Angiosperms","Bignoniaceae","Zeyheria","montana","Mart.","BIGNONIACEAE Zeyheria montana Mart.","27322","GBIF","HRCB","Pinheiro, M.H.O.","275","Native","Ouro","Low","Jardim Botânico Municipal de Bauru","Não"
"REFÚGIO DE VIDA SILVESTRE AIMORÉS","Angiosperms","Bixaceae","Cochlospermum","regium","(Mart. ex Schrank) Pilg.","BIXACEAE Cochlospermum regium (Mart. ex Schrank) Pilg.","397588","GBIF","SP","Weiser, V.L.","687","Native","Bronze","Low","Jardim Botânico Municipal de Bauru, Praça de Plantas Medicinais","Não"
"REFÚGIO DE VIDA SILVESTRE AIMORÉS","Ferns and Lycophytes","Blechnaceae","Neoblechnum","brasiliense","(Desv.) Gasper & V.A.O. Dittrich","BLECHNACEAE Neoblechnum brasiliense (Desv.) Gasper & V.A.O. Dittrich","P00904674","GBIF","P","Prado, J.","1650","Native","Bronze","Low","Jardim Botânico Municipal de Bauru, Trilha da Lagoa, brejo próximo da divisa com a área invadida.","Não"
"REFÚGIO DE VIDA SILVESTRE AIMORÉS","Ferns and Lycophytes","Blechnaceae","Parablechnum","regnellianum","(Kunze) G.M.O.Machado & Gasper","BLECHNACEAE Parablechnum regnellianum (Kunze) G.M.O.Machado & Gasper","NY02425750","Splink","NY","Nobrega, G.A.","96","Native","Latão","Low","Jardim Botânico Municipal de Bauru, queda d'água do Botânico (cachoeirinha)","Não"
"REFÚGIO DE VIDA SILVESTRE AIMORÉS","Angiosperms","Bromeliaceae","Acanthostachys",,"Klotzsch","BROMELIACEAE Acanthostachys Klotzsch","18537","GBIF","Escola Superior de Agricultura ''Luiz de Queiroz'' - ESALQ/USP","Carboni, M.",,,"Latão","Low","Campus da UNESP","Não"
"REFÚGIO DE VIDA SILVESTRE AIMORÉS","Angiosperms","Bromeliaceae","Tillandsia","geminiflora","Brongn.","BROMELIACEAE Tillandsia geminiflora Brongn.","18537","GBIF","Escola Superior de Agricultura ''Luiz de Queiroz'' - ESALQ/USP","Carboni, M.",,"Native","Latão","Low","Campus da UNESP","Não"
"REFÚGIO DE VIDA SILVESTRE AIMORÉS","Angiosperms","Burseraceae","Protium","heptaphyllum","(Aubl.) Marchand","BURSERACEAE Protium heptaphyllum (Aubl.) Marchand","31658","GBIF","HRCB","Pinheiro, M.H.O.","231","Native","Ouro","Low","Jardim Botânico Municipal","Não"
"REFÚGIO DE VIDA SILVESTRE AIMORÉS","Angiosperms","Burseraceae","Protium","spruceanum","(Benth.) Engl.","BURSERACEAE Protium spruceanum (Benth.) Engl.","18537","GBIF","Escola Superior de Agricultura ''Luiz de Queiroz'' - ESALQ/USP","Carboni, M.",,"Native","Latão","Low","Campus da UNESP","Não"
"REFÚGIO DE VIDA SILVESTRE AIMORÉS","Angiosperms","Calophyllaceae","Calophyllum","brasiliense","Cambess.","CALOPHYLLACEAE Calophyllum brasiliense Cambess.","PEUFR053186","Splink","PEUFR","Biral, L.","778","Native","Bronze","Low","Jardim Botânico Municipal de Bauru","Não"
"REFÚGIO DE VIDA SILVESTRE AIMORÉS","Angiosperms","Calophyllaceae","Kielmeyera","rubriflora","Cambess.","CALOPHYLLACEAE Kielmeyera rubriflora Cambess.","20569","GBIF","BOTU","Christianini, S.R.A.F.","161","Native","Bronze","Low","Campus da Unesp de Bauru","Não"
"REFÚGIO DE VIDA SILVESTRE AIMORÉS","Angiosperms","Cannabaceae","Celtis","brasiliensis","(Gardner) Planch.","CANNABACEAE Celtis brasiliensis (Gardner) Planch.","247679","GBIF","MBM","Pinheiro, M.H.O.","399","Native","Bronze","Low","Jardim Botânico Municipal de Bauru.","Não"
"REFÚGIO DE VIDA SILVESTRE AIMORÉS","Angiosperms","Cannabaceae","Celtis","pubescens","Sprengel","CANNABACEAE Celtis pubescens Sprengel","113072","GBIF","UEC","Pinheiro, M.H.O.","399",,"Bronze","Low","Jardim Botânico Municipal de Bauru","Não"
"REFÚGIO DE VIDA SILVESTRE AIMORÉS","Angiosperms","Cannabaceae","Celtis","spinosa","Spreng.","CANNABACEAE Celtis spinosa Spreng.","113073","GBIF","UEC","Pinheiro, M.H.O.","631","Native","Bronze","Low","Jardim Botânico Municipal de Bauru","Não"
"REFÚGIO DE VIDA SILVESTRE AIMORÉS","Angiosperms","Cannabaceae","Trema","micranthum","(L.) Blume","CANNABACEAE Trema micranthum (L.) Blume","30390","GBIF","FUEL","Pinheiro, M.H.O.","184","Native","Ouro","Low","Jardim Botânico Municipal de Bauru","Não"
"REFÚGIO DE VIDA SILVESTRE AIMORÉS","Angiosperms","Caryocaraceae","Caryocar","brasiliense","Cambess.","CARYOCARACEAE Caryocar brasiliense Cambess.","28074","GBIF","BOTU","Rissi, M.N.C.M.","410","Native","Bronze","Low","Jardim Botânico Municipal de Bauru (JBMB)","Não"
"REFÚGIO DE VIDA SILVESTRE AIMORÉS","Angiosperms","Celastraceae","Plenckia","populnea","Reissek","CELASTRACEAE Plenckia populnea Reissek","CEN00086100","Splink","CEN","Pinheiro, M.H.O.","595","Native","Ouro","Low","Jardim Botânico Municipal de Bauru, SP.","Não"
"REFÚGIO DE VIDA SILVESTRE AIMORÉS","Angiosperms","Celastraceae","Tontelea","micrantha","(Mart.) A.C. Sm.","CELASTRACEAE Tontelea micrantha (Mart.) A.C. Sm.","18537","GBIF","Escola Superior de Agricultura ''Luiz de Queiroz'' - ESALQ/USP","Carboni, M.",,"Native","Latão","Low","Campus da UNESP","Não"
"REFÚGIO DE VIDA SILVESTRE AIMORÉS","Angiosperms","Chloranthaceae","Hedyosmum",,"Sw.","CHLORANTHACEAE Hedyosmum Sw.","18537","GBIF","Escola Superior de Agricultura ''Luiz de Queiroz'' - ESALQ/USP","Carboni, M.",,,"Latão","Low","Campus da UNESP","Não"
"REFÚGIO DE VIDA SILVESTRE AIMORÉS","Angiosperms","Combretaceae","Terminalia","argentea","Mart. & Zucc.","COMBRETACEAE Terminalia argentea Mart. & Zucc.","167638","GBIF","UEC","Weiser, V.L.","617","Native","Ouro","Low","Jardim Botânico Municipal de Bauru, Trilha para Antiga Raia.&nf;Parcela 91, Forófito 3004.","Não"
"REFÚGIO DE VIDA SILVESTRE AIMORÉS","Angiosperms","Combretaceae","Terminalia","glabrescens","Mart.","COMBRETACEAE Terminalia glabrescens Mart.","HUFU00004870","Reflora","HUFU","Pinheiro, M.H.O.","391","Native","Ouro","Low","Jardim Botânico Municipal.","Não"
"REFÚGIO DE VIDA SILVESTRE AIMORÉS","Angiosperms","Commelinaceae","Commelina","erecta","L.","COMMELINACEAE Commelina erecta L.","18537","GBIF","Escola Superior de Agricultura ''Luiz de Queiroz'' - ESALQ/USP","Carboni, M.",,"Native","Latão","Low","Campus da UNESP","Não"
"REFÚGIO DE VIDA SILVESTRE AIMORÉS","Angiosperms","Commelinaceae","Commelina","obliqua","Vahl","COMMELINACEAE Commelina obliqua Vahl","34438","GBIF","HRCB","Pinheiro, M.H.O.","654","Native","Bronze","Low","Jardim Botânico Municipal","Não"
"REFÚGIO DE VIDA SILVESTRE AIMORÉS","Angiosperms","Connaraceae","Connarus","suberosus","Planch.","CONNARACEAE Connarus suberosus Planch.","20372","GBIF","Universidade Estadual Paulista ''Júlio de Mesquita Filho''","Rissi, M.N.",,"Native","Latão","Low","Área dos posseiros.","Não"
"REFÚGIO DE VIDA SILVESTRE AIMORÉS","Angiosperms","Connaraceae","Rourea","induta","Planch.","CONNARACEAE Rourea induta Planch.","SPSF00053760","Splink","SPSF","Durigan, G.","s/n","Native","Prata","Low",,"Não"
"REFÚGIO DE VIDA SILVESTRE AIMORÉS","Angiosperms","Convolvulaceae","Ipomoea","saopaulista","O'Donell","CONVOLVULACEAE Ipomoea saopaulista O'Donell","18537","GBIF","Escola Superior de Agricultura ''Luiz de Queiroz'' - ESALQ/USP","Carboni, M.",,"Native","Latão","Low","Campus da UNESP","Não"
"REFÚGIO DE VIDA SILVESTRE AIMORÉS","Angiosperms","Cordiaceae","Cordia","sellowiana","Cham.","CORDIACEAE Cordia sellowiana Cham.","HUFU00003383","Reflora","HUFU","Pinheiro, M.H.O.","389","Native","Ouro","Low","Jardim Botânico Municipal.","Não"
"REFÚGIO DE VIDA SILVESTRE AIMORÉS","Angiosperms","Cordiaceae","Cordia","trichotoma","(Vell.) Arráb. ex Steud.","CORDIACEAE Cordia trichotoma (Vell.) Arráb. ex Steud.","28084","GBIF","HRCB","Pinheiro, M.H.O.","8","Native","Bronze","Low","Jardim Botânico Municipal de Bauru","Não"
"REFÚGIO DE VIDA SILVESTRE AIMORÉS","Angiosperms","Cordiaceae","Varronia","polycephala","Lam.","CORDIACEAE Varronia polycephala Lam.","132739","GBIF","SPF","Pinheiro, M.H.O.","708","Native","Prata","Low","Jardim Botânico Municipal de Bauru","Não"
"REFÚGIO DE VIDA SILVESTRE AIMORÉS","Angiosperms","Cyperaceae","Cyperus","aggregatus","(Willd.) Endl.","CYPERACEAE Cyperus aggregatus (Willd.) Endl.","6187","Splink","UNBA","Silva, S.S.",,"Native","Bronze","High","Gleba II do Refúgio de Vida Silvestre Aimorés","Não"
"REFÚGIO DE VIDA SILVESTRE AIMORÉS","Angiosperms","Cyperaceae","Cyperus","friburgensis","Boeckeler","CYPERACEAE Cyperus friburgensis Boeckeler","34493","GBIF","HRCB","Pinheiro, M.H.O.","754","Native","Bronze","Low","Jardim Botânico Municipal","Não"
"REFÚGIO DE VIDA SILVESTRE AIMORÉS","Angiosperms","Cyperaceae","Cyperus","lanceolatus","Poir.","CYPERACEAE Cyperus lanceolatus Poir.","132707","GBIF","SPF","Pinheiro, M.H.O.","764","Native","Bronze","Low","Jardim Botânico Municipal de Bauru","Não"
"REFÚGIO DE VIDA SILVESTRE AIMORÉS","Angiosperms","Cyperaceae","Cyperus","laxus","Lam.","CYPERACEAE Cyperus laxus Lam.","132706","GBIF","SPF","Pinheiro, M.H.O.","754","Native","Bronze","Low","Jardim Botânico Municipal de Bauru","Não"
"REFÚGIO DE VIDA SILVESTRE AIMORÉS","Angiosperms","Cyperaceae","Cyperus","luzulae","(L.) Retz.","CYPERACEAE Cyperus luzulae (L.) Retz.","132708","GBIF","SPF","Pinheiro, M.H.O.","763","Native","Bronze","Low","Jardim Botânico Municipal de Bauru","Não"
"REFÚGIO DE VIDA SILVESTRE AIMORÉS","Angiosperms","Cyperaceae","Cyperus","surinamensis","Rottb.","CYPERACEAE Cyperus surinamensis Rottb.","34499","GBIF","HRCB","Pinheiro, M.H.O.","762","Native","Bronze","Low","Jardim Botânico Municipal","Não"
"REFÚGIO DE VIDA SILVESTRE AIMORÉS","Angiosperms","Cyperaceae","Eleocharis","geniculata","(L.) Roem. & Schult.","CYPERACEAE Eleocharis geniculata (L.) Roem. & Schult.","132710","GBIF","SPF","Pinheiro, M.H.O.","760","Native","Bronze","Low","Jardim Botânico Municipal de Bauru","Não"
"REFÚGIO DE VIDA SILVESTRE AIMORÉS","Angiosperms","Cyperaceae","Fimbristylis","dichotoma","(L.) Vahl","CYPERACEAE Fimbristylis dichotoma (L.) Vahl","6182","Splink","UNBA","Silva, S.S.",,"Native","Bronze","High","Gleba II do Refúgio de Vida Silvestre Aimorés","Não"
"REFÚGIO DE VIDA SILVESTRE AIMORÉS","Angiosperms","Cyperaceae","Rhynchospora","corymbosa","(L.) Britton","CYPERACEAE Rhynchospora corymbosa (L.) Britton","34494","GBIF","HRCB","Pinheiro, M.H.O.","693","Native","Bronze","Low","Jardim Botânico Municipal","Não"
"REFÚGIO DE VIDA SILVESTRE AIMORÉS","Angiosperms","Cyperaceae","Rhynchospora","exaltata","Kunth","CYPERACEAE Rhynchospora exaltata Kunth","132714","GBIF","SPF","Pinheiro, M.H.O.","732","Native","Bronze","Low","Jardim Botânico Municipal de Bauru","Não"
"REFÚGIO DE VIDA SILVESTRE AIMORÉS","Angiosperms","Cyperaceae","Rhynchospora","foliosa","(Kunth) L.B.Sm.","CYPERACEAE Rhynchospora foliosa (Kunth) L.B.Sm.","18537","GBIF","Escola Superior de Agricultura ''Luiz de Queiroz'' - ESALQ/USP","Carboni, M.",,"Native","Latão","Low","Campus da UNESP","Não"
"REFÚGIO DE VIDA SILVESTRE AIMORÉS","Angiosperms","Cyperaceae","Scleria","microcarpa","Nees ex Kunth","CYPERACEAE Scleria microcarpa Nees ex Kunth","34496","GBIF","HRCB","Pinheiro, M.H.O.","744","Native","Bronze","Low","Jardim Botânico Municipal","Não"
"REFÚGIO DE VIDA SILVESTRE AIMORÉS","Angiosperms","Cyperaceae","Scleria","mitis","P.J.Bergius","CYPERACEAE Scleria mitis P.J.Bergius","132715","GBIF","SPF","Pinheiro, M.H.O.","744","Native","Bronze","Low","Jardim Botânico Municipal de Bauru","Não"
"REFÚGIO DE VIDA SILVESTRE AIMORÉS","Angiosperms","Dilleniaceae","Davilla","elliptica","A.St.-Hil.","DILLENIACEAE Davilla elliptica A.St.-Hil.","113095","GBIF","UEC","Pinheiro, M.H.O.","410","Native","Bronze","Low","Jardim Botânico Municipal de Bauru.","Não"
"REFÚGIO DE VIDA SILVESTRE AIMORÉS","Angiosperms","Dilleniaceae","Doliocarpus","dentatus","(Aubl.) Standl.","DILLENIACEAE Doliocarpus dentatus (Aubl.) Standl.","18537","GBIF","Escola Superior de Agricultura ''Luiz de Queiroz'' - ESALQ/USP","Carboni, M.",,"Native","Latão","Low","Campus da UNESP","Não"
"REFÚGIO DE VIDA SILVESTRE AIMORÉS","Angiosperms","Dioscoreaceae","Dioscorea","polygonoides","Humb. & Bonpl. ex Willd.","DIOSCOREACEAE Dioscorea polygonoides Humb. & Bonpl. ex Willd.","18537","GBIF","Escola Superior de Agricultura ''Luiz de Queiroz'' - ESALQ/USP","Carboni, M.",,"Native","Latão","Low","Campus da UNESP","Não"
"REFÚGIO DE VIDA SILVESTRE AIMORÉS","Ferns and Lycophytes","Dryopteridaceae","Cyclodium","meniscioides","(Willd.) C.Presl","DRYOPTERIDACEAE Cyclodium meniscioides (Willd.) C.Presl","18537","GBIF","Escola Superior de Agricultura ''Luiz de Queiroz'' - ESALQ/USP","Carboni, M.",,"Native","Latão","Low","Campus da UNESP","Não"
"REFÚGIO DE VIDA SILVESTRE AIMORÉS","Ferns and Lycophytes","Dryopteridaceae","Polybotrya","goyazensis","Brade","DRYOPTERIDACEAE Polybotrya goyazensis Brade","NY02425713","Splink","NY","Nobrega, G.A.","91","Native","Latão","Low","Jardim Botânico Municipal de Bauru, mata de brejo (paliteiro)","Não"
"REFÚGIO DE VIDA SILVESTRE AIMORÉS","Angiosperms","Ebenaceae","Diospyros","lasiocalyx","(Mart.) B.Walln.","EBENACEAE Diospyros lasiocalyx (Mart.) B.Walln.","124803","GBIF","SPF","Pinheiro, M.H.O.","551","Native","Ouro","Low","Jardim Botânico Municipal de Bauru","Não"
"REFÚGIO DE VIDA SILVESTRE AIMORÉS","Angiosperms","Erythroxylaceae","Erythroxylum","campestre","A.St.-Hil.","ERYTHROXYLACEAE Erythroxylum campestre A.St.-Hil.","29679","GBIF","HRCB","Pinheiro, M.H.O.","408","Native","Ouro","Low","Jardim Botânico Municipal","Não"
"REFÚGIO DE VIDA SILVESTRE AIMORÉS","Angiosperms","Erythroxylaceae","Erythroxylum","cuneifolium","(Mart.) O.E.Schulz","ERYTHROXYLACEAE Erythroxylum cuneifolium (Mart.) O.E.Schulz","104786","GBIF","UEC","Pinheiro, M.H.O.","542","Native","Ouro","Low","Jardim Botânico Municipal de Bauru.","Não"
"REFÚGIO DE VIDA SILVESTRE AIMORÉS","Angiosperms","Erythroxylaceae","Erythroxylum","pelleterianum","A.St.-Hil.","ERYTHROXYLACEAE Erythroxylum pelleterianum A.St.-Hil.","29682","GBIF","HRCB","Pinheiro, M.H.O.","536","Native","Ouro","Low","Jardim Botânico Municipal","Não"
"REFÚGIO DE VIDA SILVESTRE AIMORÉS","Angiosperms","Erythroxylaceae","Erythroxylum","suberosum","A.St.-Hil.","ERYTHROXYLACEAE Erythroxylum suberosum A.St.-Hil.","104788","GBIF","UEC","Pinheiro, M.H.O.","463","Native","Ouro","Low","Jardim botânico Municipal de Bauru.","Não"
"REFÚGIO DE VIDA SILVESTRE AIMORÉS","Angiosperms","Erythroxylaceae","Erythroxylum","subracemosum","Turcz.","ERYTHROXYLACEAE Erythroxylum subracemosum Turcz.","4607","GBIF","BOTU","Pinheiro, M.H.O.","592","Native","Ouro","Low","Jardim Botânico Municipal","Não"
"REFÚGIO DE VIDA SILVESTRE AIMORÉS","Angiosperms","Erythroxylaceae","Erythroxylum","tortuosum","Mart.","ERYTHROXYLACEAE Erythroxylum tortuosum Mart.","28196","GBIF","BOTU","Rissi, M.N.C.","339","Native","Ouro","Low","Jardim Botânico Municipal de Bauru (JBMB)","Não"
"REFÚGIO DE VIDA SILVESTRE AIMORÉS","Angiosperms","Euphorbiaceae","Actinostemon","concepcionis","(Chodat & Hassl.) Hochr.","EUPHORBIACEAE Actinostemon concepcionis (Chodat & Hassl.) Hochr.","112593","GBIF","UEC","Pinheiro, M.H.O.","493","Native","Ouro","Low","Jardim Botânico Municipal de Bauru","Não"
"REFÚGIO DE VIDA SILVESTRE AIMORÉS","Angiosperms","Euphorbiaceae","Alchornea","glandulosa","Poepp. & Endl.","EUPHORBIACEAE Alchornea glandulosa Poepp. & Endl.","113122","GBIF","UEC","Pinheiro, M.H.O.","375","Native","Ouro","Low","Jardim Botânico Municipal","Não"
"REFÚGIO DE VIDA SILVESTRE AIMORÉS","Angiosperms","Euphorbiaceae","Croton","fulvus","Mart.","EUPHORBIACEAE Croton fulvus Mart.","31921","GBIF","HRCB","Pinheiro, M.H.O.","661","Native","Bronze","Low","Jardim Botânico Municipal","Não"
"REFÚGIO DE VIDA SILVESTRE AIMORÉS","Angiosperms","Euphorbiaceae","Croton","glandulosus","L.","EUPHORBIACEAE Croton glandulosus L.","32046","GBIF","HRCB","Pinheiro, M.H.O.","706","Native","Bronze","Low","Jardim Botânico Municipal","Não"
"REFÚGIO DE VIDA SILVESTRE AIMORÉS","Angiosperms","Euphorbiaceae","Croton","grandivelus","Baill.","EUPHORBIACEAE Croton grandivelus Baill.","327565","GBIF","SP","Pinheiro, M.H.O.","661","Native","Ouro","Low","Jardim Botânico Municipal de Bauru.","Não"
"REFÚGIO DE VIDA SILVESTRE AIMORÉS","Angiosperms","Euphorbiaceae","Croton","pedicellatus","Kunth","EUPHORBIACEAE Croton pedicellatus Kunth","34421","GBIF","HRCB","Pinheiro, M.H.O.","727","Native","Bronze","Low","Jardim Botânico Municipal","Não"
"REFÚGIO DE VIDA SILVESTRE AIMORÉS","Angiosperms","Euphorbiaceae","Croton","urucurana","Baill.","EUPHORBIACEAE Croton urucurana Baill.","31944","GBIF","HRCB","Pinheiro, M.H.O.","112","Native","Ouro","Low","Jardim Botânico Municipal","Não"
"REFÚGIO DE VIDA SILVESTRE AIMORÉS","Angiosperms","Euphorbiaceae","Euphorbia","prostrata","Aiton","EUPHORBIACEAE Euphorbia prostrata Aiton","6185","Splink","UNBA","Silva, S.S.",,"Native","Bronze","High","Gleba II do Refúgio de Vida Silvestre Aimorés","Não"
"REFÚGIO DE VIDA SILVESTRE AIMORÉS","Angiosperms","Euphorbiaceae","Manihot","anomala","Pohl","EUPHORBIACEAE Manihot anomala Pohl","31930","GBIF","HRCB","Pinheiro, M.H.O.","261","Native","Bronze","Low","Jardim Botânico Municipal","Não"
"REFÚGIO DE VIDA SILVESTRE AIMORÉS","Angiosperms","Euphorbiaceae","Microstachys",,"A.Juss.","EUPHORBIACEAE Microstachys A.Juss.","6156","Splink","UNBA","Silva, S.S.",,,"Bronze","High","Gleba II do Refúgio de Vida Silvestre Aimorés","Não"
"REFÚGIO DE VIDA SILVESTRE AIMORÉS","Angiosperms","Euphorbiaceae","Sapium","glandulosum","(L.) Morong","EUPHORBIACEAE Sapium glandulosum (L.) Morong","31922","GBIF","HRCB","Pinheiro, M.H.O.","538","Native","Ouro","Low","Jardim Botânico Municipal","Não"
"REFÚGIO DE VIDA SILVESTRE AIMORÉS","Angiosperms","Fabaceae","Albizia","lebbeck","(L.) Benth.","FABACEAE Albizia lebbeck (L.) Benth.","RB00517004","GBIF","RB","Weiser, V.L.","798","Naturalized","Ouro","Low","Jardim Botânico Municipal de Bauru, Arboreto.","Não"
"REFÚGIO DE VIDA SILVESTRE AIMORÉS","Angiosperms","Fabaceae","Anadenanthera","peregrina","(Benth.) Altschul","FABACEAE Anadenanthera peregrina var. falcata (Benth.) Altschul","19468","GBIF","HUFU","Pinheiro, M.H.O.","396","Native","Ouro","Low","Jardim Botânico Municipal","Não"
"REFÚGIO DE VIDA SILVESTRE AIMORÉS","Angiosperms","Fabaceae","Bauhinia","rufa","(Bong.) Steud.","FABACEAE Bauhinia rufa (Bong.) Steud.","20372","GBIF","Universidade Estadual Paulista ''Júlio de Mesquita Filho''","Rissi, M.N.",,"Native","Latão","Low","Área dos posseiros.","Não"
"REFÚGIO DE VIDA SILVESTRE AIMORÉS","Angiosperms","Fabaceae","Bauhinia","ungulata","L.","FABACEAE Bauhinia ungulata L.","RB00527121","GBIF","RB","Weiser, V.L.","283","Native","Bronze","Low","Jardim Botânico Municipal de Bauru, trilha da lagoa.","Não"
"REFÚGIO DE VIDA SILVESTRE AIMORÉS","Angiosperms","Fabaceae","Bowdichia","virgilioides","Kunth","FABACEAE Bowdichia virgilioides Kunth","29243","GBIF","FUEL","Pinheiro, M.H.O.","403","Native","Ouro","Low","Jardim Botânico Municipal","Não"
"REFÚGIO DE VIDA SILVESTRE AIMORÉS","Angiosperms","Fabaceae","Chamaecrista","flexuosa","(L.) Greene","FABACEAE Chamaecrista flexuosa (L.) Greene","6204","Splink","UNBA","Silva, S.S.",,"Native","Bronze","High","Gleba II do Refúgio de Vida Silvestre Aimorés","Não"
"REFÚGIO DE VIDA SILVESTRE AIMORÉS","Angiosperms","Fabaceae","Clitoria","densiflora","(Benth.) Benth.","FABACEAE Clitoria densiflora (Benth.) Benth.","SPSF00053895","Splink","SPSF","Durigan, G.","s/n","Native","Prata","Low",,"Não"
"REFÚGIO DE VIDA SILVESTRE AIMORÉS","Angiosperms","Fabaceae","Copaifera","langsdorffii","Desf.","FABACEAE Copaifera langsdorffii var. langsdorffii Desf.","19474","GBIF","HUFU","Pinheiro, M.H.O.","598","Native","Ouro","Low","Jardim Botânico Municipal","Não"
"REFÚGIO DE VIDA SILVESTRE AIMORÉS","Angiosperms","Fabaceae","Ctenodon","marginatus","(Benth.) D.B.O.S.Cardoso, P.L.R.Moraes & H.C.Lima","FABACEAE Ctenodon marginatus (Benth.) D.B.O.S.Cardoso, P.L.R.Moraes & H.C.Lima","18537","GBIF","Escola Superior de Agricultura ''Luiz de Queiroz'' - ESALQ/USP","Carboni, M.",,"Native","Latão","Low","Campus da UNESP","Não"
"REFÚGIO DE VIDA SILVESTRE AIMORÉS","Angiosperms","Fabaceae","Dalbergia","frutescens","(Vell.) Britton","FABACEAE Dalbergia frutescens (Vell.) Britton","27979","GBIF","HRCB","Pinheiro, M.H.O.","429","Native","Bronze","Low","Jardim Botânico Municipal","Não"
"REFÚGIO DE VIDA SILVESTRE AIMORÉS","Angiosperms","Fabaceae","Dalbergia","miscolobium","Benth.","FABACEAE Dalbergia miscolobium Benth.","BOTU034820","Splink","BOTU","Galastri, N.","20","Native","Bronze","Low",,"Não"
"REFÚGIO DE VIDA SILVESTRE AIMORÉS","Angiosperms","Fabaceae","Desmodium","barbatum","(L.) Benth.","FABACEAE Desmodium barbatum (L.) Benth.","6195","Splink","UNBA","Silva, S.S.",,"Native","Bronze","High","Gleba II do Refúgio de Vida Silvestre Aimorés","Não"
"REFÚGIO DE VIDA SILVESTRE AIMORÉS","Angiosperms","Fabaceae","Desmodium","incanum","(Sw.) DC.","FABACEAE Desmodium incanum (Sw.) DC.","18537","GBIF","Escola Superior de Agricultura ''Luiz de Queiroz'' - ESALQ/USP","Carboni, M.",,"Naturalized","Latão","Low","Campus da UNESP","Não"
"REFÚGIO DE VIDA SILVESTRE AIMORÉS","Angiosperms","Fabaceae","Dipteryx","alata","Vogel","FABACEAE Dipteryx alata Vogel","RB00517019","GBIF","RB","Weiser, V.L.","763","Native","Bronze","Low","Jardim Botânico Municipal de Bauru, Arboreto.","Não"
"REFÚGIO DE VIDA SILVESTRE AIMORÉS","Angiosperms","Fabaceae","Enterolobium","gummiferum","(Mart.) J.F.Macbr.","FABACEAE Enterolobium gummiferum (Mart.) J.F.Macbr.","RB00568185","GBIF","RB","Weiser, V.L.","715","Native","Ouro","Low","Jardim Botânico Municipal de Bauru,Trilha Principal. .","Não"
"REFÚGIO DE VIDA SILVESTRE AIMORÉS","Angiosperms","Fabaceae","Erythrina","falcata","Benth.","FABACEAE Erythrina falcata Benth.","RB00517006","GBIF","RB","Weiser, V.L.","708","Native","Ouro","Low","Jardim Botânico Municipal de Bauru, Arboreto.","Não"
"REFÚGIO DE VIDA SILVESTRE AIMORÉS","Angiosperms","Fabaceae","Hymenaea","courbaril","L.","FABACEAE Hymenaea courbaril L.","RB00517010","GBIF","RB","Weiser, V.L.","744","Native","Ouro","Low","Jardim Botânico Municipal de Bauru, Praça de Plantas Medicinais.","Não"
"REFÚGIO DE VIDA SILVESTRE AIMORÉS","Angiosperms","Fabaceae","Hymenaea","stigonocarpa","Mart. ex Hayne","FABACEAE Hymenaea stigonocarpa Mart. ex Hayne","32036","GBIF","HRCB","Pinheiro, M.H.O.","628","Native","Ouro","Low","Jardim Botânico Municipal","Não"
"REFÚGIO DE VIDA SILVESTRE AIMORÉS","Angiosperms","Fabaceae","Inga","marginata","Willd.","FABACEAE Inga marginata Willd.","104765","GBIF","UEC","Pinheiro, M.H.O.","395","Native","Ouro","Low","Jardim Botânico Municipal de Bauru, Mata de brejo","Não"
"REFÚGIO DE VIDA SILVESTRE AIMORÉS","Angiosperms","Fabaceae","Inga","vera","(DC.) T.D.Penn.","FABACEAE Inga vera subsp. affinis (DC.) T.D.Penn.","32039","GBIF","HRCB","Pinheiro, M.H.O.","677","Native","Ouro","Low","Jardim Botânico Municipal","Não"
"REFÚGIO DE VIDA SILVESTRE AIMORÉS","Angiosperms","Fabaceae","Leptolobium","elegans","Vogel","FABACEAE Leptolobium elegans Vogel","104813","GBIF","UEC","Pinheiro, M.H.O.","211","Native","Ouro","Low","Jardim Botânico Municipal","Não"
"REFÚGIO DE VIDA SILVESTRE AIMORÉS","Angiosperms","Fabaceae","Machaerium","acutifolium","Vogel","FABACEAE Machaerium acutifolium Vogel","23021","GBIF","SJRP","Pinheiro, M.H.O.","526","Native","Ouro","Low","Jardim Botânico Municipal de Bauru","Não"
"REFÚGIO DE VIDA SILVESTRE AIMORÉS","Angiosperms","Fabaceae","Machaerium","hirtum","(Vell.) Stellfeld","FABACEAE Machaerium hirtum (Vell.) Stellfeld","32052","GBIF","FUEL","Pinheiro, M.H.O.","223","Native","Bronze","Low","Jardim Botânico Municipal","Não"
"REFÚGIO DE VIDA SILVESTRE AIMORÉS","Angiosperms","Fabaceae","Plathymenia","reticulata","Benth.","FABACEAE Plathymenia reticulata Benth.","104744","GBIF","UEC","Pinheiro, M.H.O.","295","Native","Ouro","Low","Jardim Botânico Municipal, Hábitat Cerradão.","Não"
"REFÚGIO DE VIDA SILVESTRE AIMORÉS","Angiosperms","Fabaceae","Platypodium","elegans","Vogel","FABACEAE Platypodium elegans Vogel","RB00568200","GBIF","RB","Weiser, V.L.","321","Native","Ouro","Low","Jardim Botânico Municipal de Bauru, Trilha Principal.","Não"
"REFÚGIO DE VIDA SILVESTRE AIMORÉS","Angiosperms","Fabaceae","Poecilanthe","parviflora","Benth.","FABACEAE Poecilanthe parviflora Benth.","RB00517016","GBIF","RB","Weiser, V.L.","799","Native","Bronze","Low","Jardim Botânico Municipal de Bauru, Arboreto.","Não"
"REFÚGIO DE VIDA SILVESTRE AIMORÉS","Angiosperms","Fabaceae","Pterodon","emarginatus","Vogel","FABACEAE Pterodon emarginatus Vogel","RB00517013","GBIF","RB","Weiser, V.L.","711","Native","Bronze","Low","Jardim Botânico Municipal de Bauru, Arboreto.","Não"
"REFÚGIO DE VIDA SILVESTRE AIMORÉS","Angiosperms","Fabaceae","Schizolobium","parahyba","(Vell.) Blake","FABACEAE Schizolobium parahyba (Vell.) Blake","RB00517007","GBIF","RB","Weiser, V.L.","710","Native","Bronze","Low","Jardim Botânico Municipal de Bauru, Arboreto.","Não"
"REFÚGIO DE VIDA SILVESTRE AIMORÉS","Angiosperms","Fabaceae","Senna","pendula","(Humb.& Bonpl.ex Willd.) H.S.Irwin & Barneby","FABACEAE Senna pendula (Humb.& Bonpl.ex Willd.) H.S.Irwin & Barneby","18537","GBIF","Escola Superior de Agricultura ''Luiz de Queiroz'' - ESALQ/USP","Carboni, M.",,"Native","Latão","Low","Campus da UNESP","Não"
"REFÚGIO DE VIDA SILVESTRE AIMORÉS","Angiosperms","Fabaceae","Senna","rugosa","(G.Don) H.S.Irwin & Barneby","FABACEAE Senna rugosa (G.Don) H.S.Irwin & Barneby","20372","GBIF","Universidade Estadual Paulista ''Júlio de Mesquita Filho''","Rissi, M.N.",,"Native","Latão","Low","Área dos posseiros.","Não"
"REFÚGIO DE VIDA SILVESTRE AIMORÉS","Angiosperms","Fabaceae","Senna","silvestris","(Vell.) H.S.Irwin & Barneby","FABACEAE Senna silvestris (Vell.) H.S.Irwin & Barneby","RB00568220","GBIF","RB","Weiser, V.L.","146","Native","Bronze","Low","Jardim Botânico Municipal de Bauru, Trilha para Antiga Raia, Parcela 1, Forofito 15.","Não"
"REFÚGIO DE VIDA SILVESTRE AIMORÉS","Angiosperms","Fabaceae","Stryphnodendron","rotundifolium","Mart.","FABACEAE Stryphnodendron rotundifolium Mart.","BOTU027092","Splink","BOTU","Pinheiro, M.H.O.","217","Native","Ouro","Low",,"Não"
"REFÚGIO DE VIDA SILVESTRE AIMORÉS","Angiosperms","Fabaceae","Stylosanthes","gracilis","Kunth","FABACEAE Stylosanthes gracilis Kunth","18537","GBIF","Escola Superior de Agricultura ''Luiz de Queiroz'' - ESALQ/USP","Carboni, M.",,"Native","Latão","Low","Campus da UNESP","Não"
"REFÚGIO DE VIDA SILVESTRE AIMORÉS","Angiosperms","Fabaceae","Stylosanthes","guianensis","(Aubl.) Sw.","FABACEAE Stylosanthes guianensis (Aubl.) Sw.","6179","Splink","UNBA","Silva, S.S.",,"Native","Bronze","High","Gleba II do Refúgio de Vida Silvestre Aimorés","Não"
"REFÚGIO DE VIDA SILVESTRE AIMORÉS","Angiosperms","Fabaceae","Zornia",,"J.F.Gmel.","FABACEAE Zornia J.F.Gmel.","6186","Splink","UNBA","Silva, S.S.",,,"Bronze","High","Gleba II do Refúgio de Vida Silvestre Aimorés","Não"
"REFÚGIO DE VIDA SILVESTRE AIMORÉS","Angiosperms","Heliconiaceae","Heliconia","hirsuta","L.f.","HELICONIACEAE Heliconia hirsuta L.f.","RB00785738","GBIF","RB","Simao, D.G.",,"Native","Bronze","Low","Jardim Botânico Municipal de Bauru.","Não"
"REFÚGIO DE VIDA SILVESTRE AIMORÉS","Angiosperms","Heliconiaceae","Heliconia","psittacorum","L.f.","HELICONIACEAE Heliconia psittacorum L.f.","18537","GBIF","Escola Superior de Agricultura ''Luiz de Queiroz'' - ESALQ/USP","Carboni, M.",,"Native","Latão","Low","Campus da UNESP","Não"
"REFÚGIO DE VIDA SILVESTRE AIMORÉS","Angiosperms","Heliotropiaceae","Heliotropium","transalpinum","Vell.","HELIOTROPIACEAE Heliotropium transalpinum Vell.","32079","GBIF","HRCB","Pinheiro, M.H.O.","298","Native","Bronze","Low","Jardim Botânico Municipal de Bauru","Não"
"REFÚGIO DE VIDA SILVESTRE AIMORÉS","Angiosperms","Lacistemataceae","Lacistema","hasslerianum","Chodat","LACISTEMATACEAE Lacistema hasslerianum Chodat","112704","GBIF","UEC","Pinheiro, M.H.O.","363","Native","Ouro","Low","Jardim botânico municipal de Bauru.","Não"
"REFÚGIO DE VIDA SILVESTRE AIMORÉS","Angiosperms","Lamiaceae","Aegiphila","integrifolia","(Jacq.) Moldenke","LAMIACEAE Aegiphila integrifolia (Jacq.) Moldenke","HUEFS00039377","GBIF","HUEFS","Pinheiro, M.H.O.","329","Native","Ouro","Low","Jardim Botânico Municipal de Bauru.","Não"
"REFÚGIO DE VIDA SILVESTRE AIMORÉS","Angiosperms","Lamiaceae","Aegiphila","verticillata","Vell.","LAMIACEAE Aegiphila verticillata Vell.","HUEFS00039379","GBIF","HUEFS","Pinheiro, M.H.O.","607","Native","Ouro","Low","Jardim Botânico Municipal de Bauru.","Não"
"REFÚGIO DE VIDA SILVESTRE AIMORÉS","Angiosperms","Lauraceae","Endlicheria","paniculata","(Spreng.) J.F.Macbr.","LAURACEAE Endlicheria paniculata (Spreng.) J.F.Macbr.","113130","GBIF","UEC","Pinheiro, M.H.O.","650","Native","Ouro","Low","Jardim Botânico Municipal de Bauru.","Não"
"REFÚGIO DE VIDA SILVESTRE AIMORÉS","Angiosperms","Lauraceae","Nectandra","lanceolata","Nees","LAURACEAE Nectandra lanceolata Nees","PMSP005524","GBIF","PMSP","Pinheiro, M.H.O.","153","Native","Ouro","Low","Jardim Botânico Municipal de Bauru. Mata mesófila.","Não"
"REFÚGIO DE VIDA SILVESTRE AIMORÉS","Angiosperms","Lauraceae","Ocotea","corymbosa","(Meisn.) Mez","LAURACEAE Ocotea corymbosa (Meisn.) Mez","247684","GBIF","MBM","Pinheiro, M.H.O.","604","Native","Ouro","Low","Jardim Botânico Municipal de Bauru.","Não"
"REFÚGIO DE VIDA SILVESTRE AIMORÉS","Angiosperms","Lauraceae","Ocotea","minarum","(Nees & Mart.) Mez","LAURACEAE Ocotea minarum (Nees & Mart.) Mez","HUEFS178692","GBIF","HUEFS","Pinheiro, M.H.O.","297","Native","Bronze","Low","Jardim Botânico Municipal de Bauru.","Não"
"REFÚGIO DE VIDA SILVESTRE AIMORÉS","Angiosperms","Lauraceae","Ocotea","pulchella","(Nees & Mart.) Mez","LAURACEAE Ocotea pulchella (Nees & Mart.) Mez","247686","GBIF","MBM","Pinheiro, M.H.O.","570","Native","Ouro","Low","Jardim Botânico Municipal de Bauru.","Não"
"REFÚGIO DE VIDA SILVESTRE AIMORÉS","Angiosperms","Lauraceae","Ocotea","velloziana","(Meisn.) Mez","LAURACEAE Ocotea velloziana (Meisn.) Mez","PMSP005523","GBIF","PMSP","Pinheiro, M.H.O.","137","Native","Ouro","Low","Jardim Botânico Municipal de Bauru.","Não"
"REFÚGIO DE VIDA SILVESTRE AIMORÉS","Ferns and Lycophytes","Lindsaeaceae","Lindsaea","botrychioides","A.St.-Hil.","LINDSAEACEAE Lindsaea botrychioides A.St.-Hil.","NY02240788","Splink","NY","Prado, J.","1649","Native","Latão","Low","Jardim Botânico Municipal de Baurú, Trilha da Lagoa","Não"
"REFÚGIO DE VIDA SILVESTRE AIMORÉS","Angiosperms","Loganiaceae","Strychnos","pseudoquina","A.St.-Hil.","LOGANIACEAE Strychnos pseudoquina A.St.-Hil.","167627","GBIF","UEC","Weiser, V.L.","499","Native","Prata","Low","jardim Botânico Municipal de Bauru, Antiga Raia.","Não"
"REFÚGIO DE VIDA SILVESTRE AIMORÉS","Ferns and Lycophytes","Lycopodiaceae","Lycopodiella",,"Holub","LYCOPODIACEAE Lycopodiella Holub","18537","GBIF","Escola Superior de Agricultura ''Luiz de Queiroz'' - ESALQ/USP","Carboni, M.",,,"Latão","Low","Campus da UNESP","Não"
"REFÚGIO DE VIDA SILVESTRE AIMORÉS","Angiosperms","Lythraceae","Cuphea","calophylla","(Koehne) S.A.Graham","LYTHRACEAE Cuphea calophylla var. mesostemon (Koehne) S.A.Graham","CEN00069656","Splink","CEN","Weiser, V.L.","692","Native","Ouro","Low","Jardim Botânico Municipal de Bauru. Praça de Plantas Medicinais.","Não"
"REFÚGIO DE VIDA SILVESTRE AIMORÉS","Angiosperms","Lythraceae","Lafoensia","pacari","A.St.-Hil.","LYTHRACEAE Lafoensia pacari A.St.-Hil.","65701","GBIF","CESJ","Pinheiro, M.H.O.","407","Native","Bronze","Low","Jardim Botânico Municipal","Não"
"REFÚGIO DE VIDA SILVESTRE AIMORÉS","Angiosperms","Magnoliaceae","Magnolia","ovata","(A.St.-Hil.) Spreng.","MAGNOLIACEAE Magnolia ovata (A.St.-Hil.) Spreng.","18537","GBIF","Escola Superior de Agricultura ''Luiz de Queiroz'' - ESALQ/USP","Carboni, M.",,"Native","Latão","Low","Campus da UNESP","Não"
"REFÚGIO DE VIDA SILVESTRE AIMORÉS","Angiosperms","Malpighiaceae","Banisteriopsis","anisandra","(A.Juss.) B.Gates","MALPIGHIACEAE Banisteriopsis anisandra (A.Juss.) B.Gates","167803","GBIF","UEC","Weiser, V.","125","Native","Ouro","Low","Jardim Botânico Municipal de Bauru, Trilha para Antiga Raia, Parcela 5, Liana 177.","Não"
"REFÚGIO DE VIDA SILVESTRE AIMORÉS","Angiosperms","Malpighiaceae","Banisteriopsis","argyrophylla","(A.Juss.) B.Gates","MALPIGHIACEAE Banisteriopsis argyrophylla (A.Juss.) B.Gates","383950","GBIF","SP","Weiser, V.L.","154","Native","Ouro","Low","Jardim Botânico Municipal de Bauru, trilha para Antiga Raia","Não"
"REFÚGIO DE VIDA SILVESTRE AIMORÉS","Angiosperms","Malpighiaceae","Banisteriopsis","laevifolia","(A.Juss.) B.Gates","MALPIGHIACEAE Banisteriopsis laevifolia (A.Juss.) B.Gates","345232","GBIF","SP","Pinheiro, M.H.O.","659","Native","Ouro","Low","Jardim Botânico Municipal de Bauru","Não"
"REFÚGIO DE VIDA SILVESTRE AIMORÉS","Angiosperms","Malpighiaceae","Banisteriopsis","malifolia","(Nees & Mart.) B.Gates","MALPIGHIACEAE Banisteriopsis malifolia (Nees & Mart.) B.Gates","30411","GBIF","FUEL","Pinheiro, M.H.O.","659","Native","Ouro","Low","Jardim Botânico Municipal de Bauru","Não"
"REFÚGIO DE VIDA SILVESTRE AIMORÉS","Angiosperms","Malpighiaceae","Banisteriopsis","variabilis","B.Gates","MALPIGHIACEAE Banisteriopsis variabilis B.Gates","383948","GBIF","SP","Weiser, V.L.","163","Native","Ouro","Low","Jardim Botânico Municipal de Bauru, Antiga Raia","Não"
"REFÚGIO DE VIDA SILVESTRE AIMORÉS","Angiosperms","Malpighiaceae","Byrsonima","affinis","W.R.Anderson","MALPIGHIACEAE Byrsonima affinis W.R.Anderson","112628","GBIF","UEC","Pinheiro, M.H.O.","290","Native","Ouro","Low","Jardim Botânico Municipal de Bauru.","Não"
"REFÚGIO DE VIDA SILVESTRE AIMORÉS","Angiosperms","Malpighiaceae","Byrsonima","basiloba","A.Juss.","MALPIGHIACEAE Byrsonima basiloba A.Juss.","345257","GBIF","SP","Pinheiro, M.H.O.","290","Native","Ouro","Low","Jardim Botânico Municipal de Bauru","Não"
"REFÚGIO DE VIDA SILVESTRE AIMORÉS","Angiosperms","Malpighiaceae","Byrsonima","coccolobifolia","Kunth","MALPIGHIACEAE Byrsonima coccolobifolia Kunth","167629","GBIF","UEC","Weiser, V.L.","152","Native","Ouro","Low","Jardim Botânico Municipal de Bauru, Trilha para Antiga Raia, Parcela 13.","Não"
"REFÚGIO DE VIDA SILVESTRE AIMORÉS","Angiosperms","Malpighiaceae","Byrsonima","guilleminiana","A.Juss.","MALPIGHIACEAE Byrsonima guilleminiana A.Juss.","20372","GBIF","Universidade Estadual Paulista ''Júlio de Mesquita Filho''","Rissi, M.N.",,"Native","Latão","Low","Área dos posseiros.","Não"
"REFÚGIO DE VIDA SILVESTRE AIMORÉS","Angiosperms","Malpighiaceae","Byrsonima","intermedia","A.Juss.","MALPIGHIACEAE Byrsonima intermedia A.Juss.","167794","GBIF","UEC","Weiser, V.L.","61","Native","Ouro","Low","Jardim Botânico Municipal de Bauru, Linha de Transmissão Divisa JBMB e Perímetro Rural.","Não"
"REFÚGIO DE VIDA SILVESTRE AIMORÉS","Angiosperms","Malpighiaceae","Byrsonima","pachyphylla","A.Juss.","MALPIGHIACEAE Byrsonima pachyphylla A.Juss.","383947","GBIF","SP","Weiser, V.L.","258","Native","Ouro","Low","Jardim Botânico Municipal de Bauru, trilha para Antiga Raia","Não"
"REFÚGIO DE VIDA SILVESTRE AIMORÉS","Angiosperms","Malpighiaceae","Byrsonima","verbascifolia","(L.) DC.","MALPIGHIACEAE Byrsonima verbascifolia (L.) DC.","167777","GBIF","UEC","Weiser, V.L.","549","Native","Ouro","Low","Jardim Botânico Municipal de Bauru, Trilha para Antiga Raia.&nf;Cerradão.","Não"
"REFÚGIO DE VIDA SILVESTRE AIMORÉS","Angiosperms","Malpighiaceae","Heteropterys","byrsonimifolia","A.Juss.","MALPIGHIACEAE Heteropterys byrsonimifolia A.Juss.","345828","GBIF","SP","Pinheiro, M.H.O.","401","Native","Ouro","Low","Jardim Botânico Municipal de Bauru","Não"
"REFÚGIO DE VIDA SILVESTRE AIMORÉS","Angiosperms","Malpighiaceae","Heteropterys","pannosa","Griseb.","MALPIGHIACEAE Heteropterys pannosa Griseb.","112647","GBIF","UEC","Pinheiro, M.H.O.","401","Native","Ouro","Low","Jardim Botânico Municipal de Bauru.","Não"
"REFÚGIO DE VIDA SILVESTRE AIMORÉS","Angiosperms","Malpighiaceae","Heteropterys","pteropetala","A.Juss.","MALPIGHIACEAE Heteropterys pteropetala A.Juss.","167766","GBIF","UEC","Weiser, V.L.","59","Native","Ouro","Low","Jardim Botânico Municipal de Bauru, Linha de Transmissão Divisa JBMB e Perímetro Rural.&nf;Cerrado.","Não"
"REFÚGIO DE VIDA SILVESTRE AIMORÉS","Angiosperms","Malpighiaceae","Heteropterys","tomentosa","A.Juss.","MALPIGHIACEAE Heteropterys tomentosa A.Juss.","345829","GBIF","SP","Pinheiro, M.H.O.","302","Native","Ouro","Low","Jardim Botânico Municipal de Bauru","Não"
"REFÚGIO DE VIDA SILVESTRE AIMORÉS","Angiosperms","Malpighiaceae","Heteropterys","umbellata","A.Juss.","MALPIGHIACEAE Heteropterys umbellata A.Juss.","20372","GBIF","Universidade Estadual Paulista ''Júlio de Mesquita Filho''","Rissi, M.N.",,"Native","Latão","Low","Área dos posseiros.","Não"
"REFÚGIO DE VIDA SILVESTRE AIMORÉS","Angiosperms","Malpighiaceae","Mascagnia","cordifolia","(A.Juss.) Griseb.","MALPIGHIACEAE Mascagnia cordifolia (A.Juss.) Griseb.","167767","GBIF","UEC","Weiser, V.L.","621","Native","Ouro","Low","Jardim Botânico Municipal de Bauru, Trilha para Antiga Raia, Parcela 93, Liana 2703.&nf;Cerradão.","Não"
"REFÚGIO DE VIDA SILVESTRE AIMORÉS","Angiosperms","Malvaceae","Ceiba","speciosa","(A.St.-Hil.) Ravenna","MALVACEAE Ceiba speciosa (A.St.-Hil.) Ravenna","397444","GBIF","SP","Weiser, V.L.","793","Native","Ouro","Low","Jardim Botânico Municipal de Bauru","Não"
"REFÚGIO DE VIDA SILVESTRE AIMORÉS","Angiosperms","Malvaceae","Eriotheca","gracilipes","(K.Schum.) A.Robyns","MALVACEAE Eriotheca gracilipes (K.Schum.) A.Robyns","167787","GBIF","UEC","Weiser, V.L.","90","Native","Bronze","Low","Jardim Botânico Municipal de Bauru, Linha de Transmissão Divisa JBMB e Perímetro Rural.&nf;Cerrado.","Não"
"REFÚGIO DE VIDA SILVESTRE AIMORÉS","Angiosperms","Malvaceae","Guazuma","ulmifolia","Lam.","MALVACEAE Guazuma ulmifolia Lam.","18822","GBIF","SJRP","Pinheiro, M.H.O.","673","Native","Latão","Low","Jardim Botânico Municipal de Bauru","Não"
"REFÚGIO DE VIDA SILVESTRE AIMORÉS","Angiosperms","Malvaceae","Helicteres","sacarolha","A.St.-Hil., Juss. & Cambess.","MALVACEAE Helicteres sacarolha A.St.-Hil., Juss. & Cambess.","SPSF00053762","Splink","SPSF","Durigan, G.","s/n","Native","Prata","Low",,"Não"
"REFÚGIO DE VIDA SILVESTRE AIMORÉS","Angiosperms","Malvaceae","Luehea","grandiflora","Mart.","MALVACEAE Luehea grandiflora Mart.","113079","GBIF","UEC","Pinheiro, M.H.O.","331","Native","Ouro","Low","Jardim Botânico Municipal de Bauru","Não"
"REFÚGIO DE VIDA SILVESTRE AIMORÉS","Angiosperms","Malvaceae","Melochia","pyramidata","L.","MALVACEAE Melochia pyramidata L.","18821","GBIF","SJRP","Pinheiro, M.H.O.","725","Native","Latão","Low","Jardim Botânico Municipal de Bauru","Não"
"REFÚGIO DE VIDA SILVESTRE AIMORÉS","Angiosperms","Malvaceae","Pavonia","malacophylla","(Link & Otto) Garcke","MALVACEAE Pavonia malacophylla (Link & Otto) Garcke","167626","GBIF","UEC","Weiser, V.L.","49","Native","Ouro","Low","Jardim Botânico Municipal de Bauru, Trilha Principal.","Não"
"REFÚGIO DE VIDA SILVESTRE AIMORÉS","Angiosperms","Malvaceae","Peltaea",,"(C.Presl) Standl.","MALVACEAE Peltaea (C.Presl) Standl.","112630","GBIF","UEC","Ongaro-Pinheiro, M.H.","684",,"Ouro","Low","Jardim Botânico Municipal de Bauru","Não"
"REFÚGIO DE VIDA SILVESTRE AIMORÉS","Angiosperms","Malvaceae","Sida","ciliaris","L.","MALVACEAE Sida ciliaris L.","6168","Splink","UNBA","Silva, S.S.",,"Native","Bronze","High","Gleba II do Refúgio de Vida Silvestre Aimorés","Não"
"REFÚGIO DE VIDA SILVESTRE AIMORÉS","Angiosperms","Malvaceae","Sida","linifolia","Cav.","MALVACEAE Sida linifolia Cav.","6161","Splink","UNBA","Silva, S.S.",,"Native","Bronze","High","Gleba II do Refúgio de Vida Silvestre Aimorés","Não"
"REFÚGIO DE VIDA SILVESTRE AIMORÉS","Angiosperms","Malvaceae","Triumfetta","bartramia","L.","MALVACEAE Triumfetta bartramia L.","FLOR00043216","GBIF","FLOR","Pinheiro, M.H.O.","778","Native","Ouro","Low","Jardim Botânico Municipal de Bauru.","Não"
"REFÚGIO DE VIDA SILVESTRE AIMORÉS","Angiosperms","Malvaceae","Triumfetta","semitriloba","Jacq.","MALVACEAE Triumfetta semitriloba Jacq.","113078","GBIF","UEC","Pinheiro, M.H.O.","775","Native","Ouro","Low","Jardim Botânico Municipal de Bauru","Não"
"REFÚGIO DE VIDA SILVESTRE AIMORÉS","Angiosperms","Malvaceae","Waltheria","indica","L.","MALVACEAE Waltheria indica L.","18823","GBIF","SJRP","Pinheiro, M.H.O.","701","Native","Bronze","Low","jardim Botânico Municipal de Bauru","Não"
"REFÚGIO DE VIDA SILVESTRE AIMORÉS","Angiosperms","Melastomataceae","Chaetogastra","herbacea","(DC.) P.J.F.Guim. & Michelang.","MELASTOMATACEAE Chaetogastra herbacea (DC.) P.J.F.Guim. & Michelang.","18537","GBIF","Escola Superior de Agricultura ''Luiz de Queiroz'' - ESALQ/USP","Carboni, M.",,"Native","Latão","Low","Campus da UNESP","Não"
"REFÚGIO DE VIDA SILVESTRE AIMORÉS","Angiosperms","Melastomataceae","Leandra","aurea","(Cham.) Cogn.","MELASTOMATACEAE Leandra aurea (Cham.) Cogn.","RB00613364","GBIF","RB","Pineiro, M.H.O.","367","Native","Ouro","Low","Jardim Botanico Municipal de Bauru.","Não"
"REFÚGIO DE VIDA SILVESTRE AIMORÉS","Angiosperms","Melastomataceae","Macairea","radula","(Bonpl.) DC.","MELASTOMATACEAE Macairea radula (Bonpl.) DC.","18537","GBIF","Escola Superior de Agricultura ''Luiz de Queiroz'' - ESALQ/USP","Carboni, M.",,"Native","Latão","Low","Campus da UNESP","Não"
"REFÚGIO DE VIDA SILVESTRE AIMORÉS","Angiosperms","Melastomataceae","Miconia","albicans","(Sw.) Steud.","MELASTOMATACEAE Miconia albicans (Sw.) Steud.","167810","GBIF","UEC","Weiser, V.L.","104","Native","Ouro","Low","Jardim Botânico Municipal de Bauru, Antiga Raia.","Não"
"REFÚGIO DE VIDA SILVESTRE AIMORÉS","Angiosperms","Melastomataceae","Miconia","chamissois","Naudin","MELASTOMATACEAE Miconia chamissois Naudin","PMSP005530","GBIF","PMSP","Pinheiro, M.H.O.","268","Native","Ouro","Low","Jardim Botânico Municipal de Bauru, próximo de um riacho.","Não"
"REFÚGIO DE VIDA SILVESTRE AIMORÉS","Angiosperms","Melastomataceae","Miconia","paucidens","DC.","MELASTOMATACEAE Miconia paucidens DC.","20372","GBIF","Universidade Estadual Paulista ''Júlio de Mesquita Filho''","Rissi, M.N.",,"Native","Latão","Low","Área dos posseiros.","Não"
"REFÚGIO DE VIDA SILVESTRE AIMORÉS","Angiosperms","Melastomataceae","Miconia","stenostachya","DC.","MELASTOMATACEAE Miconia stenostachya DC.","167808","GBIF","UEC","Weiser, V.L.","531","Native","Ouro","Low","Jardim Botânico Municipal de Bauru, Trilha para Antiga Raia.","Não"
"REFÚGIO DE VIDA SILVESTRE AIMORÉS","Angiosperms","Melastomataceae","Miconia","theaezans","(Bonpl.) Cogn.","MELASTOMATACEAE Miconia theaezans (Bonpl.) Cogn.","SPSF00053846","Splink","SPSF","Durigan, G.","s/n","Native","Prata","Low",,"Não"
"REFÚGIO DE VIDA SILVESTRE AIMORÉS","Angiosperms","Melastomataceae","Pleroma","stenocarpum","(Schrank et Mart. ex DC.) Triana","MELASTOMATACEAE Pleroma stenocarpum (Schrank et Mart. ex DC.) Triana","296967","GBIF","SP","Correa, P.L.","88","Native","Bronze","Low","Jardim Botânico Municipal","Não"
"REFÚGIO DE VIDA SILVESTRE AIMORÉS","Angiosperms","Melastomataceae","Rhynchanthera","dichotoma","(Desr.) DC.","MELASTOMATACEAE Rhynchanthera dichotoma (Desr.) DC.","104776","GBIF","UEC","Pinheiro, M.H.O.","270","Native","Ouro","Low","Jardim Botânico Municipal de Bauru, Próximo de um riacho.","Não"
"REFÚGIO DE VIDA SILVESTRE AIMORÉS","Angiosperms","Meliaceae","Cedrela","odorata","L.","MELIACEAE Cedrela odorata L.","132717","GBIF","SPF","Pinheiro, M.H.O.","394","Native","Prata","Low","Jardim Botânico Municipal de Bauru","Não"
"REFÚGIO DE VIDA SILVESTRE AIMORÉS","Angiosperms","Meliaceae","Guarea","kunthiana","A.Juss.","MELIACEAE Guarea kunthiana A.Juss.","18537","GBIF","Escola Superior de Agricultura ''Luiz de Queiroz'' - ESALQ/USP","Carboni, M.",,"Native","Latão","Low","Campus da UNESP","Não"
"REFÚGIO DE VIDA SILVESTRE AIMORÉS","Angiosperms","Meliaceae","Guarea","macrophylla","Vahl","MELIACEAE Guarea macrophylla Vahl","18537","GBIF","Escola Superior de Agricultura ''Luiz de Queiroz'' - ESALQ/USP","Carboni, M.",,"Native","Latão","Low","Campus da UNESP","Não"
"REFÚGIO DE VIDA SILVESTRE AIMORÉS","Angiosperms","Meliaceae","Trichilia","pallida","Sw.","MELIACEAE Trichilia pallida Sw.","113125","GBIF","UEC","Pinheiro, M.H.O.","334","Native","Prata","Low","Jardim Botânico Municipal de Bauru.","Não"
"REFÚGIO DE VIDA SILVESTRE AIMORÉS","Angiosperms","Monimiaceae","Mollinedia","widgrenii","A.DC.","MONIMIACEAE Mollinedia widgrenii A.DC.","247619","GBIF","MBM","Pinheiro, M.H.O.","511","Native","Ouro","Low","Jardim Botânico Municipal.","Não"
"REFÚGIO DE VIDA SILVESTRE AIMORÉS","Angiosperms","Moraceae","Brosimum","gaudichaudii","Trécul","MORACEAE Brosimum gaudichaudii Trécul","290003","GBIF","SP","Correa, P.L.","23","Native","Bronze","Low","Jardim Botânico Municipal de Bauru","Não"
"REFÚGIO DE VIDA SILVESTRE AIMORÉS","Angiosperms","Moraceae","Ficus","adhatodifolia","Schott in Spreng.","MORACEAE Ficus adhatodifolia Schott in Spreng.","18537","GBIF","Escola Superior de Agricultura ''Luiz de Queiroz'' - ESALQ/USP","Carboni, M.",,"Native","Latão","Low","Campus da UNESP","Não"
"REFÚGIO DE VIDA SILVESTRE AIMORÉS","Angiosperms","Moraceae","Ficus","guaranitica","Chodat","MORACEAE Ficus guaranitica Chodat","290002","GBIF","SP","Correa, P.L.","75","Native","Ouro","Low","Jardim Botânico Municipal de Bauru","Não"
"REFÚGIO DE VIDA SILVESTRE AIMORÉS","Angiosperms","Moraceae","Ficus","obtusifolia","Kunth","MORACEAE Ficus obtusifolia Kunth","HUEFS163974","GBIF","HUEFS","Pinheiro, M.H.O.","622","Native","Ouro","Low","jardim botânico municipal de bauru","Não"
"REFÚGIO DE VIDA SILVESTRE AIMORÉS","Angiosperms","Moraceae","Ficus","obtusiuscula","(Miq.) Miq.","MORACEAE Ficus obtusiuscula (Miq.) Miq.","18537","GBIF","Escola Superior de Agricultura ''Luiz de Queiroz'' - ESALQ/USP","Carboni, M.",,"Native","Latão","Low","Campus da UNESP","Não"
"REFÚGIO DE VIDA SILVESTRE AIMORÉS","Angiosperms","Myrtaceae","Campomanesia","adamantium","(Cambess.) O.Berg","MYRTACEAE Campomanesia adamantium (Cambess.) O.Berg","20372","GBIF","Universidade Estadual Paulista ''Júlio de Mesquita Filho''","Rissi, M.N.",,"Native","Latão","Low","Área dos posseiros.","Não"
"REFÚGIO DE VIDA SILVESTRE AIMORÉS","Angiosperms","Myrtaceae","Campomanesia","guazumifolia","(Cambess.) O.Berg","MYRTACEAE Campomanesia guazumifolia (Cambess.) O.Berg","329904","GBIF","SP","Pinheiro, M.H.O.","578","Native","Latão","Low","Jardim Botânico Municipal de Bauru, Mata mesófila","Não"
"REFÚGIO DE VIDA SILVESTRE AIMORÉS","Angiosperms","Myrtaceae","Campomanesia","pubescens","(Mart. ex DC.) O.Berg","MYRTACEAE Campomanesia pubescens (Mart. ex DC.) O.Berg","247608","GBIF","MBM","Pinheiro, M.H.O.","472","Native","Ouro","Low","Jardim Botânico Municipal de Bauru.","Não"
"REFÚGIO DE VIDA SILVESTRE AIMORÉS","Angiosperms","Myrtaceae","Eugenia","aurata","O.Berg","MYRTACEAE Eugenia aurata O.Berg","247615","GBIF","MBM","Pinheiro, M.H.O.","550","Native","Ouro","Low","Jardim Botânico Municipal de Bauru.","Não"
"REFÚGIO DE VIDA SILVESTRE AIMORÉS","Angiosperms","Myrtaceae","Eugenia","bimarginata","DC.","MYRTACEAE Eugenia bimarginata DC.","346220","GBIF","SP","Pinheiro, M.H.O.","352","Native","Ouro","Low","Jardim Botânico Municipal de Bauru, Cerradão","Não"
"REFÚGIO DE VIDA SILVESTRE AIMORÉS","Angiosperms","Myrtaceae","Eugenia","brasiliensis","Lam.","MYRTACEAE Eugenia brasiliensis Lam.","3092","GBIF","HUFSJ","Venancio, N.C.","27","Native","Bronze","Low","Jardim Botânico Municipal de Bauru. A direita do acesso à Praça de Plantas Medicinais.","Não"
"REFÚGIO DE VIDA SILVESTRE AIMORÉS","Angiosperms","Myrtaceae","Eugenia","florida","DC.","MYRTACEAE Eugenia florida DC.","112712","GBIF","UEC","Ongaro-Pinheiro, M.H.","200","Native","Ouro","Low","Jardim Botânico Municipal de Bauru","Não"
"REFÚGIO DE VIDA SILVESTRE AIMORÉS","Angiosperms","Myrtaceae","Eugenia","hiemalis","Cambess.","MYRTACEAE Eugenia hiemalis Cambess.","167783","GBIF","UEC","Weiser, V.L.","584","Native","Ouro","Low","Jardim Botânico Municipal de Bauru, Trilha para Antiga Raia, Parcela 56, Não infestado 3758.&nf;Cerradão.","Não"
"REFÚGIO DE VIDA SILVESTRE AIMORÉS","Angiosperms","Myrtaceae","Eugenia","ligustrina","(Sw.) Willd.","MYRTACEAE Eugenia ligustrina (Sw.) Willd.","330096","GBIF","SP","Pinheiro, M.H.O.","169","Native","Ouro","Low","Jardim Botânico Municipal de Bauru, Mata mesófila","Não"
"REFÚGIO DE VIDA SILVESTRE AIMORÉS","Angiosperms","Myrtaceae","Eugenia","longipedunculata","Nied.","MYRTACEAE Eugenia longipedunculata Nied.","4729","GBIF","HUFSJ","Pinheiro, M.H.O.","138","Native","Latão","Low","Jardim Botânico Municipal de Bauru.","Não"
"REFÚGIO DE VIDA SILVESTRE AIMORÉS","Angiosperms","Myrtaceae","Eugenia","paracatuana","O.Berg","MYRTACEAE Eugenia paracatuana O.Berg","330094","GBIF","SP","Pinheiro, M.H.O.","200","Native","Ouro","Low","Jardim Botânico Municipal de Bauru, Mata mesófila","Não"
"REFÚGIO DE VIDA SILVESTRE AIMORÉS","Angiosperms","Myrtaceae","Myrcia","bella","Cambess.","MYRTACEAE Myrcia bella Cambess.","28209","GBIF","BOTU","Rissi, M.N.C.M.","439","Native","Ouro","Low","Jardim Botânico Municipal de Bauru (JBMB)","Não"
"REFÚGIO DE VIDA SILVESTRE AIMORÉS","Angiosperms","Myrtaceae","Myrcia","glomerata","(Cambess.) G.P.Burton & E.Lucas","MYRTACEAE Myrcia glomerata (Cambess.) G.P.Burton & E.Lucas","329902","GBIF","SP","Pinheiro, M.H.O.","347","Native","Ouro","Low","Jardim Botânico Municipal de Bauru, Mata mesófila, proximo a mata de brejo","Não"
"REFÚGIO DE VIDA SILVESTRE AIMORÉS","Angiosperms","Myrtaceae","Myrcia","guianensis","(Aubl.) DC.","MYRTACEAE Myrcia guianensis (Aubl.) DC.","4118","GBIF","SORO","Pinheiro, M.H.O.","541","Native","Latão","Low","Jardim Botânico Municipal de Bauru","Não"
"REFÚGIO DE VIDA SILVESTRE AIMORÉS","Angiosperms","Myrtaceae","Myrcia","rufipes","DC.","MYRTACEAE Myrcia rufipes DC.","30412","GBIF","FUEL","Pinheiro, M.H.O.","392","Native","Ouro","Low","Jardim Botânico Municipal de Bauru","Não"
"REFÚGIO DE VIDA SILVESTRE AIMORÉS","Angiosperms","Myrtaceae","Myrcia","subalpestris","DC.","MYRTACEAE Myrcia subalpestris DC.","112588","GBIF","UEC","Pinheiro, M.H.O.","531","Native","Ouro","Low","Jardim Botânico Municipal de Bauru.","Não"
"REFÚGIO DE VIDA SILVESTRE AIMORÉS","Angiosperms","Myrtaceae","Myrcia","tomentosa","(Aubl.) DC.","MYRTACEAE Myrcia tomentosa (Aubl.) DC.","112702","GBIF","UEC","Pinheiro, M.H.O.","552","Native","Ouro","Low","Jardim Botânico Municipal de Bauru.","Não"
"REFÚGIO DE VIDA SILVESTRE AIMORÉS","Angiosperms","Myrtaceae","Myrcia","tortuosa","(O.Berg) N.Silveira","MYRTACEAE Myrcia tortuosa (O.Berg) N.Silveira","343199","GBIF","SP","Pinheiro, M.H.O.","392","Native","Ouro","Low","Jardim Botânico Municipal","Não"
"REFÚGIO DE VIDA SILVESTRE AIMORÉS","Angiosperms","Myrtaceae","Psidium","guineense","Sw.","MYRTACEAE Psidium guineense Sw.","329907","GBIF","SP","Pinheiro, M.H.O.","553","Native","Ouro","Low","Jardim Botânico Municipal de Bauru, cerradão","Não"
"REFÚGIO DE VIDA SILVESTRE AIMORÉS","Ferns and Lycophytes","Nephrolepidaceae","Nephrolepis","pectinata","(Willd.) Schott","NEPHROLEPIDACEAE Nephrolepis pectinata (Willd.) Schott","234001","GBIF","SPF","Nobrega, G.A.","126","Naturalized","Bronze","Low","Jardim Botânico Municipal de Bauru","Não"
"REFÚGIO DE VIDA SILVESTRE AIMORÉS","Angiosperms","Onagraceae","Ludwigia","elegans","(Cambess.) H.Hara","ONAGRACEAE Ludwigia elegans (Cambess.) H.Hara","18537","GBIF","Escola Superior de Agricultura ''Luiz de Queiroz'' - ESALQ/USP","Carboni, M.",,"Native","Latão","Low","Campus da UNESP","Não"
"REFÚGIO DE VIDA SILVESTRE AIMORÉS","Angiosperms","Orchidaceae","Oeceoclades","maculata","(Lindl.) Lindl.","ORCHIDACEAE Oeceoclades maculata (Lindl.) Lindl.","18537","GBIF","Escola Superior de Agricultura ''Luiz de Queiroz'' - ESALQ/USP","Carboni, M.",,"Naturalized","Latão","Low","Campus da UNESP","Não"
"REFÚGIO DE VIDA SILVESTRE AIMORÉS","Ferns and Lycophytes","Osmundaceae","Osmunda","regalis","L.","OSMUNDACEAE Osmunda regalis L.","RB00792772","GBIF","RB","Nobrega, G.A.","92","Unknown","Bronze","Low","Jardim Botânico Municipal de Bauru, mata de brejo.","Não"
"REFÚGIO DE VIDA SILVESTRE AIMORÉS","Angiosperms","Oxalidaceae","Oxalis","corniculata","L.","OXALIDACEAE Oxalis corniculata L.","6211","Splink","UNBA","Silva, S.S.",,"Naturalized","Bronze","High","Gleba II do Refúgio de Vida Silvestre Aimorés","Não"
"REFÚGIO DE VIDA SILVESTRE AIMORÉS","Angiosperms","Oxalidaceae","Oxalis","physocalyx","Zucc. ex Progel","OXALIDACEAE Oxalis physocalyx Zucc. ex Progel","26456","GBIF","BOTU","Pinheiro, M.H.O.","621","Native","Ouro","Low","Jardim Botânico Municipal de Bauru.","Não"
"REFÚGIO DE VIDA SILVESTRE AIMORÉS","Angiosperms","Passifloraceae","Passiflora","foetida","L.","PASSIFLORACEAE Passiflora foetida L.","UEC023354","Splink","UEC","Gurski, C.","10","Native","Latão","Low","Jardim Botânico Municipal de Bauru Cerradão","Não"
"REFÚGIO DE VIDA SILVESTRE AIMORÉS","Angiosperms","Peraceae","Pera","glabrata","(Schott) Baill.","PERACEAE Pera glabrata (Schott) Baill.","327559","GBIF","SP","Pinheiro, M.H.O.","349","Native","Ouro","Low","Jardim Botânico Municipal de Bauru. Mata mesófila.","Não"
"REFÚGIO DE VIDA SILVESTRE AIMORÉS","Angiosperms","Phyllanthaceae","Phyllanthus","orbiculatus","Rich.","PHYLLANTHACEAE Phyllanthus orbiculatus Rich.","6209","Splink","UNBA","Silva, S.S.",,"Native","Bronze","High","Gleba II do Refúgio de Vida Silvestre Aimorés","Não"
"REFÚGIO DE VIDA SILVESTRE AIMORÉS","Angiosperms","Phyllanthaceae","Savia","dictyocarpa","Müll.Arg.","PHYLLANTHACEAE Savia dictyocarpa Müll.Arg.","20372","GBIF","Universidade Estadual Paulista ''Júlio de Mesquita Filho''","Rissi, M.N.",,"Native","Latão","Low","Área dos posseiros.","Não"
"REFÚGIO DE VIDA SILVESTRE AIMORÉS","Angiosperms","Phytolaccaceae","Phytolacca","thyrsiflora","Fenzl. ex J.A.Schmidt","PHYTOLACCACEAE Phytolacca thyrsiflora Fenzl. ex J.A.Schmidt","6166","Splink","UNBA","Silva, S.S.",,"Native","Bronze","High","Gleba II do Refúgio de Vida Silvestre Aimorés","Não"
"REFÚGIO DE VIDA SILVESTRE AIMORÉS","Angiosperms","Piperaceae","Peperomia","blanda","(Jacq.) Kunth","PIPERACEAE Peperomia blanda (Jacq.) Kunth","RB00274280","GBIF","RB","Pinheiro, M.H.O.","785","Native","Ouro","Low","Jardim Botânico Municipal de Bauru.","Não"
"REFÚGIO DE VIDA SILVESTRE AIMORÉS","Angiosperms","Piperaceae","Peperomia","elongata","Kunth","PIPERACEAE Peperomia elongata Kunth","18537","GBIF","Escola Superior de Agricultura ''Luiz de Queiroz'' - ESALQ/USP","Carboni, M.",,"Native","Latão","Low","Campus da UNESP","Não"
"REFÚGIO DE VIDA SILVESTRE AIMORÉS","Angiosperms","Piperaceae","Piper","chimonanthifolium","Kunth","PIPERACEAE Piper chimonanthifolium Kunth","18537","GBIF","Escola Superior de Agricultura ''Luiz de Queiroz'' - ESALQ/USP","Carboni, M.",,"Native","Latão","Low","Campus da UNESP","Não"
"REFÚGIO DE VIDA SILVESTRE AIMORÉS","Angiosperms","Piperaceae","Piper","cuyabanum","C.DC.","PIPERACEAE Piper cuyabanum C.DC.","RB00298934","GBIF","RB","Pinheiro, M.H.O.","640","Native","Ouro","Low","Jardim Botânico Municipal de Bauru.","Não"
"REFÚGIO DE VIDA SILVESTRE AIMORÉS","Angiosperms","Piperaceae","Piper","fuligineum","Kunth","PIPERACEAE Piper fuligineum Kunth","18537","GBIF","Escola Superior de Agricultura ''Luiz de Queiroz'' - ESALQ/USP","Carboni, M.",,"Native","Latão","Low","Campus da UNESP","Não"
"REFÚGIO DE VIDA SILVESTRE AIMORÉS","Angiosperms","Piperaceae","Piper","ovatum","Vahl","PIPERACEAE Piper ovatum Vahl","RB00304316","GBIF","RB","Pinheiro, M.H.O.","139","Native","Ouro","Low","Jardim Botânico Municipal de Bauru.","Não"
"REFÚGIO DE VIDA SILVESTRE AIMORÉS","Angiosperms","Poaceae","Andropogon","bicornis","L.","POACEAE Andropogon bicornis L.","26455","GBIF","BOTU","Pinheiro, M.H.O.","692","Native","Bronze","Low","Jardim Botânico Municipal de Bauru. Borda da mata mesófila, junto ao brejo.","Não"
"REFÚGIO DE VIDA SILVESTRE AIMORÉS","Angiosperms","Poaceae","Digitaria","bicornis","(Lam.) Roem. & Schult.","POACEAE Digitaria bicornis (Lam.) Roem. & Schult.","6165","Splink","UNBA","Silva, S.S.",,"Naturalized","Bronze","High","Gleba II do Refúgio de Vida Silvestre Aimorés","Não"
"REFÚGIO DE VIDA SILVESTRE AIMORÉS","Angiosperms","Poaceae","Digitaria","violascens","Link","POACEAE Digitaria violascens Link","6177","Splink","UNBA","Silva, S.S.",,"Naturalized","Bronze","High","Gleba II do Refúgio de Vida Silvestre Aimorés","Não"
"REFÚGIO DE VIDA SILVESTRE AIMORÉS","Angiosperms","Poaceae","Eleusine",,"Gaertn.","POACEAE Eleusine Gaertn.","6172","Splink","UNBA","Silva, S.S.",,,"Bronze","High","Gleba II do Refúgio de Vida Silvestre Aimorés","Não"
"REFÚGIO DE VIDA SILVESTRE AIMORÉS","Angiosperms","Poaceae","Eragrostis",,"Wolf","POACEAE Eragrostis Wolf","6158","Splink","UNBA","Silva, S.S.",,,"Bronze","High","Gleba II do Refúgio de Vida Silvestre Aimorés","Não"
"REFÚGIO DE VIDA SILVESTRE AIMORÉS","Angiosperms","Poaceae","Ichnanthus","inconstans","(Trin. ex Nees) Döll","POACEAE Ichnanthus inconstans (Trin. ex Nees) Döll","6167","Splink","UNBA","Silva, S.S.",,"Native","Bronze","High","Gleba II do Refúgio de Vida Silvestre Aimorés","Não"
"REFÚGIO DE VIDA SILVESTRE AIMORÉS","Angiosperms","Poaceae","Oplismenus","hirtellus","(L.) P.Beauv.","POACEAE Oplismenus hirtellus (L.) P.Beauv.","18537","GBIF","Escola Superior de Agricultura ''Luiz de Queiroz'' - ESALQ/USP","Carboni, M.",,"Native","Latão","Low","Campus da UNESP","Não"
"REFÚGIO DE VIDA SILVESTRE AIMORÉS","Angiosperms","Poaceae","Saccharum","villosum","Steud.","POACEAE Saccharum villosum Steud.","IBGE00059075","Reflora","IBGE","Pinheiro, M.H.O.","689","Native","Ouro","Low","Jardim Botânico Municipal de Bauru. Borda de mata.","Não"
"REFÚGIO DE VIDA SILVESTRE AIMORÉS","Angiosperms","Poaceae","Setaria","scandens","Schrad.","POACEAE Setaria scandens Schrad.","IBGE00059077","GBIF","IBGE","Pinheiro, M.H.O.","703","Native","Ouro","Low","Jardim Botânico Municipal de Bauru. Borda de mata.","Não"
"REFÚGIO DE VIDA SILVESTRE AIMORÉS","Angiosperms","Poaceae","Setaria","vulpiseta","(Lam.) Roem. & Schult.","POACEAE Setaria vulpiseta (Lam.) Roem. & Schult.","IBGE00059079","Reflora","IBGE","Pinheiro, M.H.O.","699","Native","Ouro","Low","Jardim Botânico Municipal de Bauru. Borda de mata.","Não"
"REFÚGIO DE VIDA SILVESTRE AIMORÉS","Angiosperms","Poaceae","Taquara","micrantha","(Kunth) I.L.C.Oliveira & R.P.Oliveira","POACEAE Taquara micrantha (Kunth) I.L.C.Oliveira & R.P.Oliveira","IBGE00059070","Splink","IBGE","Pinheiro, M.H.O.","450","Native","Ouro","Low","Jardim Botânico Municipal de Bauru. Coordenada calculada. Jardim Botânico Municipal de Bauru","Não"
"REFÚGIO DE VIDA SILVESTRE AIMORÉS","Angiosperms","Poaceae","Tristachya","leiostachya","Nees","POACEAE Tristachya leiostachya Nees","IBGE00059087","GBIF","IBGE","Pinheiro, M.H.O.","729","Native","Ouro","Low","Jardim Botânico Municipal de Bauru.","Não"
"REFÚGIO DE VIDA SILVESTRE AIMORÉS","Angiosperms","Poaceae","Urochloa",,"P.Beauv.","POACEAE Urochloa P.Beauv.","IBGE00059089","Reflora","IBGE","Pinheiro, M.H.O.","736",,"Ouro","Low","Jardim Botânico Municipal de Bauru. Coordenada calculada.","Não"
"REFÚGIO DE VIDA SILVESTRE AIMORÉS","Angiosperms","Polygalaceae","Bredemeyera",,"Willd.","POLYGALACEAE Bredemeyera Willd.","BHCB015531","Splink","BHCB","Biral, L.","774",,"Latão","Low","Jardim Botânico Municipal de Bauru, Trilha em direção a torre de transmissão.","Não"
"REFÚGIO DE VIDA SILVESTRE AIMORÉS","Angiosperms","Polygonaceae","Coccoloba","mollis","Casar.","POLYGONACEAE Coccoloba mollis Casar.","20372","GBIF","Universidade Estadual Paulista ''Júlio de Mesquita Filho''","Rissi, M.N.",,"Native","Latão","Low","Área dos posseiros.","Não"
"REFÚGIO DE VIDA SILVESTRE AIMORÉS","Angiosperms","Polygonaceae","Polygonum","punctatum","Elliott","POLYGONACEAE Polygonum punctatum Elliott","6163","Splink","UNBA","Silva, S.S.",,"Native","Bronze","High","Gleba II do Refúgio de Vida Silvestre Aimorés","Não"
"REFÚGIO DE VIDA SILVESTRE AIMORÉS","Ferns and Lycophytes","Polypodiaceae","Campyloneurum","austrobrasilianum","(Alston) de la Sota","POLYPODIACEAE Campyloneurum austrobrasilianum (Alston) de la Sota","NY01415319","Splink","NY","Nobrega, G.A.","107","Native","Bronze","Low","Jardim Botânico Municipal de Bauru, divisa com a UNESP.","Não"
"REFÚGIO DE VIDA SILVESTRE AIMORÉS","Ferns and Lycophytes","Polypodiaceae","Campyloneurum","nitidum","(Kaulf.) C.Presl","POLYPODIACEAE Campyloneurum nitidum (Kaulf.) C.Presl","UVMVT203103","GBIF","VT","Nobrega, G.A.","106","Native","Bronze","Low","Jardim Botânico Municipal de Bauru, mata de brejo próxima da área da Unesp.","Não"
"REFÚGIO DE VIDA SILVESTRE AIMORÉS","Ferns and Lycophytes","Polypodiaceae","Microgramma","lindbergii","(Mett.) de la Sota","POLYPODIACEAE Microgramma lindbergii (Mett.) de la Sota","NY02425767","Splink","NY","Nobrega, G.A.","112","Native","Latão","Low","Jardim Botânico Municipal de Bauru, próximo à Lagoa.","Não"
"REFÚGIO DE VIDA SILVESTRE AIMORÉS","Ferns and Lycophytes","Polypodiaceae","Pleopeltis","pleopeltifolia","(Raddi) Alston","POLYPODIACEAE Pleopeltis pleopeltifolia (Raddi) Alston","NY02425722","Splink","NY","Prado, J.","1645","Native","Latão","Low","Jardim Botânico Municipal de Baurú, mata de brejo junto ao córrego Varge,Limpa (Paliteiro)","Não"
"REFÚGIO DE VIDA SILVESTRE AIMORÉS","Ferns and Lycophytes","Polypodiaceae","Serpocaulon","triseriale","(Sw.) A.R.Sm.","POLYPODIACEAE Serpocaulon triseriale (Sw.) A.R.Sm.","168774","GBIF","BHCB","Nobrega, G.A.","121","Native","Bronze","Low","Jardim Botânico Municipal de Bauru, Lado direito do Córrego Vargem Limpa, próximo à nascente.","Não"
"REFÚGIO DE VIDA SILVESTRE AIMORÉS","Angiosperms","Primulaceae","Ardisia",,"Sw.","PRIMULACEAE Ardisia Sw.","18537","GBIF","Escola Superior de Agricultura ''Luiz de Queiroz'' - ESALQ/USP","Carboni, M.",,,"Latão","Low","Campus da UNESP","Não"
"REFÚGIO DE VIDA SILVESTRE AIMORÉS","Angiosperms","Primulaceae","Cybianthus","densicomus","Mart.","PRIMULACEAE Cybianthus densicomus Mart.","18537","GBIF","Escola Superior de Agricultura ''Luiz de Queiroz'' - ESALQ/USP","Carboni, M.",,"Native","Latão","Low","Campus da UNESP","Não"
"REFÚGIO DE VIDA SILVESTRE AIMORÉS","Angiosperms","Primulaceae","Geissanthus","ambiguus","(Mart.) G.Agostini","PRIMULACEAE Geissanthus ambiguus (Mart.) G.Agostini","247617","GBIF","MBM","Pinheiro, M.H.O.","283","Native","Ouro","Low","Jardim Botânico Municipal de Bauru.","Não"
"REFÚGIO DE VIDA SILVESTRE AIMORÉS","Angiosperms","Primulaceae","Myrsine","umbellata","Mart.","PRIMULACEAE Myrsine umbellata Mart.","43218","GBIF","FLOR","Pinheiro, M.H.O.","355","Native","Ouro","Low","Jardim Botânico Municipal de Bauru.","Não"
"REFÚGIO DE VIDA SILVESTRE AIMORÉS","Angiosperms","Proteaceae","Roupala","montana","Aubl.","PROTEACEAE Roupala montana Aubl.","247682","GBIF","MBM","Pinheiro, M.H.O.","487","Native","Ouro","Low","Jardim Botânico Municipal de Bauru.","Não"
"REFÚGIO DE VIDA SILVESTRE AIMORÉS","Ferns and Lycophytes","Pteridaceae","Adiantum","serratodentatum","Willd.","PTERIDACEAE Adiantum serratodentatum Willd.","UPCB00034803","Reflora","UPCB","L, D.A.","59","Native","Ouro","Low","Jardim Botânico Municipal de Bauru.","Não"
"REFÚGIO DE VIDA SILVESTRE AIMORÉS","Angiosperms","Rapateaceae","Rapatea",,"Aubl.","RAPATEACEAE Rapatea Aubl.","18537","GBIF","Escola Superior de Agricultura ''Luiz de Queiroz'' - ESALQ/USP","Carboni, M.",,,"Latão","Low","Campus da UNESP","Não"
"REFÚGIO DE VIDA SILVESTRE AIMORÉS","Angiosperms","Rosaceae","Rubus","brasiliensis","Mart.","ROSACEAE Rubus brasiliensis Mart.","329115","GBIF","SP","Pinheiro, M.H.O.","260","Native","Ouro","Low","Jardim Botânico Municipal de Bauru","Não"
"REFÚGIO DE VIDA SILVESTRE AIMORÉS","Angiosperms","Rosaceae","Rubus","urticifolius","Poir.","ROSACEAE Rubus urticifolius Poir.","329118","GBIF","SP","Pinheiro, M.H.O.","305","Native","Ouro","Low","Jardim Botânico Municipal de Bauru","Não"
"REFÚGIO DE VIDA SILVESTRE AIMORÉS","Angiosperms","Rubiaceae","Borreria","alata","(Aubl.) DC.","RUBIACEAE Borreria alata (Aubl.) DC.","6169","Splink","UNBA","Silva, S.S.",,"Native","Bronze","High","Gleba II do Refúgio de Vida Silvestre Aimorés","Não"
"REFÚGIO DE VIDA SILVESTRE AIMORÉS","Angiosperms","Rubiaceae","Chiococca","alba","(L.) Hitchc.","RUBIACEAE Chiococca alba (L.) Hitchc.","113137","GBIF","UEC","Pinheiro, M.H.O.","644","Native","Ouro","Low","Jardim Botânico Municipal de Bauru.","Não"
"REFÚGIO DE VIDA SILVESTRE AIMORÉS","Angiosperms","Rubiaceae","Chomelia","bella","(Standl.) Steyerm.","RUBIACEAE Chomelia bella (Standl.) Steyerm.","RB00336114","GBIF","RB","Correa, P.L.","78","Native","Bronze","Low","Jardim Botânico Municipal.","Não"
"REFÚGIO DE VIDA SILVESTRE AIMORÉS","Angiosperms","Rubiaceae","Chomelia","obtusa","Cham. & Schltdl.","RUBIACEAE Chomelia obtusa Cham. & Schltdl.","113136","GBIF","UEC","Pinheiro, M.H.O.","641","Native","Ouro","Low","Jardim Botânico Municipal de Bauru.","Não"
"REFÚGIO DE VIDA SILVESTRE AIMORÉS","Angiosperms","Rubiaceae","Chomelia","pohliana","Müll.Arg.","RUBIACEAE Chomelia pohliana Müll.Arg.","SPSF00053764","Splink","SPSF","Durigan, G.","s/n","Native","Prata","Low",,"Não"
"REFÚGIO DE VIDA SILVESTRE AIMORÉS","Angiosperms","Rubiaceae","Coccocypselum","lanceolatum","(Ruiz & Pav.) Pers.","RUBIACEAE Coccocypselum lanceolatum (Ruiz & Pav.) Pers.","18537","GBIF","Escola Superior de Agricultura ''Luiz de Queiroz'' - ESALQ/USP","Carboni, M.",,"Native","Latão","Low","Campus da UNESP","Não"
"REFÚGIO DE VIDA SILVESTRE AIMORÉS","Angiosperms","Rubiaceae","Cordiera","macrophylla","(K.Schum.) Kuntze","RUBIACEAE Cordiera macrophylla (K.Schum.) Kuntze","160003","GBIF","UEC","Weiser, V.L.","128","Native","Bronze","Low","Jardim Botânico Municipal de Bauru, Trilha para Antiga Raia, Parcela 8, Forófito 194.","Não"
"REFÚGIO DE VIDA SILVESTRE AIMORÉS","Angiosperms","Rubiaceae","Cordiera","sessilis","(Vell.) Kuntze","RUBIACEAE Cordiera sessilis (Vell.) Kuntze","RB00333053","GBIF","RB","Correa, P.L.","48","Native","Ouro","Low","Jardim Botânico Municipal de Bauru.","Não"
"REFÚGIO DE VIDA SILVESTRE AIMORÉS","Angiosperms","Rubiaceae","Coussarea","hydrangeifolia","(Benth.) Müll.Arg.","RUBIACEAE Coussarea hydrangeifolia (Benth.) Müll.Arg.","RB00585725","GBIF","RB","Weiser, V.L.","327","Native","Ouro","Low","Jardim Botânico Municipal de Bauru, trilha dos Posseiros.","Não"
"REFÚGIO DE VIDA SILVESTRE AIMORÉS","Angiosperms","Rubiaceae","Faramea","latifolia","(Cham. & Schltdl.) DC.","RUBIACEAE Faramea latifolia (Cham. & Schltdl.) DC.","167743","GBIF","UEC","Weiser, V.L.","532","Native","Ouro","Low","Jardim Botânico Municipal de Bauru, Trilha para Antiga Raia.&nf;Cerradão.","Não"
"REFÚGIO DE VIDA SILVESTRE AIMORÉS","Angiosperms","Rubiaceae","Faramea","montevidensis","(Cham. & Schltdl.) DC.","RUBIACEAE Faramea montevidensis (Cham. & Schltdl.) DC.","247656","GBIF","MBM","Pinheiro, M.H.O.","514","Native","Bronze","Low","Jardim Botânico Municipal de Bauru.","Não"
"REFÚGIO DE VIDA SILVESTRE AIMORÉS","Angiosperms","Rubiaceae","Guettarda","viburnoides","Cham. & Schltdl.","RUBIACEAE Guettarda viburnoides Cham. & Schltdl.","113074","GBIF","UEC","Pinheiro, M.H.O.","639","Native","Ouro","Low","Jardim Botânico Municipal de Bauru.","Não"
"REFÚGIO DE VIDA SILVESTRE AIMORÉS","Angiosperms","Rubiaceae","Ixora","brevifolia","Benth.","RUBIACEAE Ixora brevifolia Benth.","RB00416558","GBIF","RB","Weiser, V.L.","344","Native","Bronze","Low","Jardim Botânico Municipal de Bauru, Trilha para Antiga Raia, Parcela 28, Forófito 857.","Não"
"REFÚGIO DE VIDA SILVESTRE AIMORÉS","Angiosperms","Rubiaceae","Ixora","gardneriana","Benth.","RUBIACEAE Ixora gardneriana Benth.","167732","GBIF","UEC","Weiser, V.L.","344","Native","Bronze","Low","Jardim Botânico Municipal de Bauru, Trilha para Antiga Raia, Parcela 28, Forófito 857.&nf;Cerradão.","Não"
"REFÚGIO DE VIDA SILVESTRE AIMORÉS","Angiosperms","Rubiaceae","Oldenlandia","corymbosa","L.","RUBIACEAE Oldenlandia corymbosa L.","6171","Splink","UNBA","Silva, S.S.",,"Naturalized","Bronze","High","Gleba II do Refúgio de Vida Silvestre Aimorés","Não"
"REFÚGIO DE VIDA SILVESTRE AIMORÉS","Angiosperms","Rubiaceae","Palicourea","hoffmannseggiana","(Roem. & Schult.) Borhidi","RUBIACEAE Palicourea hoffmannseggiana (Roem. & Schult.) Borhidi","43210","GBIF","FLOR","Pinheiro, M.H.O.","717","Native","Bronze","Low","Jardim Botânico Municipal de Bauru.","Não"
"REFÚGIO DE VIDA SILVESTRE AIMORÉS","Angiosperms","Rubiaceae","Palicourea","macrobotrys","(Ruiz & Pav.) Schult.","RUBIACEAE Palicourea macrobotrys (Ruiz & Pav.) Schult.","27445","GBIF","FUEL","Pinheiro, M.H.O.","648","Native","Ouro","Low","Jardim Botânico Municipal de Bauru","Não"
"REFÚGIO DE VIDA SILVESTRE AIMORÉS","Angiosperms","Rubiaceae","Palicourea","rigida","Kunth","RUBIACEAE Palicourea rigida Kunth","20372","GBIF","Universidade Estadual Paulista ''Júlio de Mesquita Filho''","Rissi, M.N.",,"Native","Latão","Low","Área dos posseiros.","Não"
"REFÚGIO DE VIDA SILVESTRE AIMORÉS","Angiosperms","Rubiaceae","Palicourea","sessilis","(Vell.) C.M.Taylor","RUBIACEAE Palicourea sessilis (Vell.) C.M.Taylor","18537","GBIF","Escola Superior de Agricultura ''Luiz de Queiroz'' - ESALQ/USP","Carboni, M.",,"Native","Latão","Low","Campus da UNESP","Não"
"REFÚGIO DE VIDA SILVESTRE AIMORÉS","Angiosperms","Rubiaceae","Palicourea","violacea","(Aubl.) A.Rich.","RUBIACEAE Palicourea violacea (Aubl.) A.Rich.","167737","GBIF","UEC","Weiser, V.L.","340","Native","Bronze","Low","Jardim Botânico Municipal de Bauru, Trilha para Antiga Raia, Parcela 1.&nf;Cerradão.","Não"
"REFÚGIO DE VIDA SILVESTRE AIMORÉS","Angiosperms","Rubiaceae","Psychotria","carthagenensis","Jacq.","RUBIACEAE Psychotria carthagenensis Jacq.","RB00585646","GBIF","RB","Weiser, V.L.","511","Native","Ouro","Low","Jardim Botânico Municipal de Bauru, Trilha principal.","Não"
"REFÚGIO DE VIDA SILVESTRE AIMORÉS","Angiosperms","Rubiaceae","Randia","armata","(Sw.) DC.","RUBIACEAE Randia armata (Sw.) DC.","141849","GBIF","SPF","Pinheiro, M.H.O.","384","Native","Ouro","Low","Jardim Botânico Municipal de Bauru","Não"
"REFÚGIO DE VIDA SILVESTRE AIMORÉS","Angiosperms","Rubiaceae","Rudgea","viburnoides","(Cham.) Benth.","RUBIACEAE Rudgea viburnoides (Cham.) Benth.","RB00585644","GBIF","RB","Weiser, V.L.","629","Native","Bronze","Low","Jardim Botânico Municipal de Bauru, trilha para Antiga Raia, Parcela 94, Forófito 3132.","Não"
"REFÚGIO DE VIDA SILVESTRE AIMORÉS","Angiosperms","Rubiaceae","Tocoyena","formosa","(Cham. & Schltdl.) K.Schum.","RUBIACEAE Tocoyena formosa (Cham. & Schltdl.) K.Schum.","20372","GBIF","Universidade Estadual Paulista ''Júlio de Mesquita Filho''","Rissi, M.N.",,"Native","Latão","Low","Área dos posseiros.","Não"
"REFÚGIO DE VIDA SILVESTRE AIMORÉS","Angiosperms","Rutaceae","Galipea","jasminiflora","(A.St.-Hil.) Engl.","RUTACEAE Galipea jasminiflora (A.St.-Hil.) Engl.","132729","GBIF","SPF","Pinheiro, M.H.O.","665","Native","Ouro","Low","Jardim Botânico Municipal de Bauru, Mata mesófila.","Não"
"REFÚGIO DE VIDA SILVESTRE AIMORÉS","Angiosperms","Rutaceae","Metrodorea","nigra","A.St.-Hil.","RUTACEAE Metrodorea nigra A.St.-Hil.","132728","GBIF","SPF","Pinheiro, M.H.O.","358","Native","Ouro","Low","Jardim Botânico Municipal de Bauru","Não"
"REFÚGIO DE VIDA SILVESTRE AIMORÉS","Angiosperms","Rutaceae","Ruta","graveolens","L.","RUTACEAE Ruta graveolens L.","117549","GBIF","SPF","Weiser, V.L.","691","Cultivated","Bronze","Low","Jardim Botânico Municipal de Bauru, Praça de Plantas Medicinais.","Não"
"REFÚGIO DE VIDA SILVESTRE AIMORÉS","Angiosperms","Salicaceae","Casearia","gossypiosperma","Briq.","SALICACEAE Casearia gossypiosperma Briq.","104841","GBIF","UEC","Pinheiro, M.H.O.","458","Native","Bronze","Low","Jardim Botânico Municipal.","Não"
"REFÚGIO DE VIDA SILVESTRE AIMORÉS","Angiosperms","Salicaceae","Casearia","sylvestris","Sw.","SALICACEAE Casearia sylvestris Sw.","104840","GBIF","UEC","Pinheiro, M.H.O.","74","Native","Ouro","Low","Jardim Botânico Municipal.","Não"
"REFÚGIO DE VIDA SILVESTRE AIMORÉS","Angiosperms","Santalaceae","Phoradendron","piperoides","(Kunth) Trel.","SANTALACEAE Phoradendron piperoides (Kunth) Trel.","18537","GBIF","Escola Superior de Agricultura ''Luiz de Queiroz'' - ESALQ/USP","Carboni, M.",,"Native","Latão","Low","Campus da UNESP","Não"
"REFÚGIO DE VIDA SILVESTRE AIMORÉS","Angiosperms","Sapindaceae","Allophylus","edulis","(A.St.-Hil. et al.) Hieron. ex Niederl.","SAPINDACEAE Allophylus edulis (A.St.-Hil. et al.) Hieron. ex Niederl.","112677","GBIF","UEC","Ongaro-Pinheiro, M.H.","488","Native","Prata","Low","Jardim Botânico Municipal","Não"
"REFÚGIO DE VIDA SILVESTRE AIMORÉS","Angiosperms","Sapindaceae","Matayba","elaeagnoides","Radlk.","SAPINDACEAE Matayba elaeagnoides Radlk.","132735","GBIF","SPF","Pinheiro, M.H.O.","669","Native","Ouro","Low","Jardim Botânico Municipal de Bauru.","Não"
"REFÚGIO DE VIDA SILVESTRE AIMORÉS","Angiosperms","Sapindaceae","Paullinia","elegans","Cambess.","SAPINDACEAE Paullinia elegans Cambess.","18537","GBIF","Escola Superior de Agricultura ''Luiz de Queiroz'' - ESALQ/USP","Carboni, M.",,"Native","Latão","Low","Campus da UNESP","Não"
"REFÚGIO DE VIDA SILVESTRE AIMORÉS","Angiosperms","Sapindaceae","Serjania","lethalis","A.St.-Hil.","SAPINDACEAE Serjania lethalis A.St.-Hil.","167772","GBIF","UEC","Weiser, V.L.","614","Native","Bronze","Low","Jardim Botânico Municipal de Bauru, Trilha para Antiga Raia, Parcela 88, Liana 2559.&nf;Cerradão.","Não"
"REFÚGIO DE VIDA SILVESTRE AIMORÉS","Angiosperms","Sapindaceae","Serjania","marginata","Casar.","SAPINDACEAE Serjania marginata Casar.","18537","GBIF","Escola Superior de Agricultura ''Luiz de Queiroz'' - ESALQ/USP","Carboni, M.",,"Native","Latão","Low","Campus da UNESP","Não"
"REFÚGIO DE VIDA SILVESTRE AIMORÉS","Angiosperms","Sapotaceae","Pouteria","torta","(Mart.) Radlk.","SAPOTACEAE Pouteria torta (Mart.) Radlk.","28188","GBIF","BOTU","Rissi, M.N.","250","Native","Bronze","Low","Jardim Botânico Municipal de Bauru (JBMB)","Não"
"REFÚGIO DE VIDA SILVESTRE AIMORÉS","Angiosperms","Sapotaceae","Pradosia","brevipes","(Pierre) T.D.Penn.","SAPOTACEAE Pradosia brevipes (Pierre) T.D.Penn.","SPSF00053839","Splink","SPSF","Durigan, G.","s/n","Native","Prata","Low",,"Não"
"REFÚGIO DE VIDA SILVESTRE AIMORÉS","Angiosperms","Siparunaceae","Siparuna","guianensis","Aubl.","SIPARUNACEAE Siparuna guianensis Aubl.","247621","GBIF","MBM","Pinheiro, M.H.O.","619","Native","Ouro","Low","Jardim Botânico Municipal.","Não"
"REFÚGIO DE VIDA SILVESTRE AIMORÉS","Angiosperms","Smilacaceae","Smilax","fluminensis","Steud.","SMILACACEAE Smilax fluminensis Steud.","155584","GBIF","UEC","Weiser, V.L.","141","Native","Bronze","Low","Jardim Botânico Municipal de Bauru, Trilha para Antiga Raia, Parcela 11, Liana 370.","Não"
"REFÚGIO DE VIDA SILVESTRE AIMORÉS","Angiosperms","Smilacaceae","Smilax","polyantha","Griseb.","SMILACACEAE Smilax polyantha Griseb.","155582","GBIF","UEC","Weiser, V.L.","638","Native","Bronze","Low","Jardim Botânico Municipal de Bauru, Antiga Raia.","Não"
"REFÚGIO DE VIDA SILVESTRE AIMORÉS","Angiosperms","Solanaceae","Cestrum","mariquitense","Kunth","SOLANACEAE Cestrum mariquitense Kunth","141859","GBIF","SPF","Pinheiro, M.H.O.","506","Native","Ouro","Low","Jardim Botânico Municipal de Bauru","Não"
"REFÚGIO DE VIDA SILVESTRE AIMORÉS","Angiosperms","Solanaceae","Cestrum","pedicellatum","Sendtn.","SOLANACEAE Cestrum pedicellatum Sendtn.","344426","GBIF","SP","Pinheiro, M.H.O.","482","Native","Ouro","Low","Jardim Botânico Municipal de Bauru","Não"
"REFÚGIO DE VIDA SILVESTRE AIMORÉS","Angiosperms","Solanaceae","Cestrum","schlechtendalii","G.Don","SOLANACEAE Cestrum schlechtendalii G.Don","18537","GBIF","Escola Superior de Agricultura ''Luiz de Queiroz'' - ESALQ/USP","Carboni, M.",,"Native","Latão","Low","Campus da UNESP","Não"
"REFÚGIO DE VIDA SILVESTRE AIMORÉS","Angiosperms","Solanaceae","Solanum","acerifolium","Dunal","SOLANACEAE Solanum acerifolium Dunal","113112","GBIF","UEC","Ongaro-Pinheiro, M.H.","446","Native","Ouro","Low","Jardim Botânico Municipal de Bauru","Não"
"REFÚGIO DE VIDA SILVESTRE AIMORÉS","Angiosperms","Solanaceae","Solanum","granulosoleprosum","Dunal","SOLANACEAE Solanum granulosoleprosum Dunal","23070","GBIF","SJRP","Pinheiro, M.H.O.","773","Native","Ouro","Low","Jardim Botânico Municipal","Não"
"REFÚGIO DE VIDA SILVESTRE AIMORÉS","Angiosperms","Solanaceae","Solanum","neei","Chiarini & L.A. Mentz","SOLANACEAE Solanum neei Chiarini & L.A. Mentz","43487","GBIF","BHCB","Pinheiro, M.H.O.","239","Native","Latão","Low","Jardim Botânico Municipal de Bauru","Não"
"REFÚGIO DE VIDA SILVESTRE AIMORÉS","Angiosperms","Solanaceae","Solanum","paniculatum","L.","SOLANACEAE Solanum paniculatum L.","247666","GBIF","MBM","Pinheiro, M.H.O.","603","Native","Ouro","Low","Jardim Botânico Municipal de Bauru.","Não"
"REFÚGIO DE VIDA SILVESTRE AIMORÉS","Angiosperms","Styracaceae","Styrax","camporum","Pohl","STYRACACEAE Styrax camporum Pohl","158353","GBIF","CEPEC","Pinheiro, M.H.O.","561","Native","Ouro","Low","Jardim Botânico Municipal de Baurú.","Não"
"REFÚGIO DE VIDA SILVESTRE AIMORÉS","Angiosperms","Styracaceae","Styrax","ferrugineus","Nees & Mart.","STYRACACEAE Styrax ferrugineus Nees & Mart.","IBGE00059085","GBIF","IBGE","Pinheiro, M.H.O.","366","Native","Ouro","Low","Jardim Botânico Municipal de Bauru.","Não"
"REFÚGIO DE VIDA SILVESTRE AIMORÉS","Angiosperms","Styracaceae","Styrax","pohlii","A.DC.","STYRACACEAE Styrax pohlii A.DC.","18537","GBIF","Escola Superior de Agricultura ''Luiz de Queiroz'' - ESALQ/USP","Carboni, M.",,"Native","Latão","Low","Campus da UNESP","Não"
"REFÚGIO DE VIDA SILVESTRE AIMORÉS","Angiosperms","Symplocaceae","Symplocos","nitens","(Pohl) Benth.","SYMPLOCACEAE Symplocos nitens (Pohl) Benth.","163377","GBIF","UEC","Weiser, V.L.","662","Native","Ouro","Low","Jardim Botânico Municipal de Bauru, Antiga Raia.","Não"
"REFÚGIO DE VIDA SILVESTRE AIMORÉS","Angiosperms","Symplocaceae","Symplocos","pubescens","Klotzsch ex Benth.","SYMPLOCACEAE Symplocos pubescens Klotzsch ex Benth.","167770","GBIF","UEC","Weiser, V.L.","649","Native","Ouro","Low","Jardim Botânico Municipal de Bauru, Trilha para Antiga Raia, Parcela 100, forófito 3424.&nf;Cerradão.","Não"
"REFÚGIO DE VIDA SILVESTRE AIMORÉS","Ferns and Lycophytes","Thelypteridaceae","Amauropelta","mosenii","(C. Chr.) Salino & T.E.Almeida","THELYPTERIDACEAE Amauropelta mosenii (C. Chr.) Salino & T.E.Almeida","168773","GBIF","BHCB","Nobrega, G.A.","34","Native","Bronze","Low","Jardim Botânico Municipal de Bauru, Abaixo dos fios da torre de alta tensão, próximo a àrea da UNESP.","Não"
"REFÚGIO DE VIDA SILVESTRE AIMORÉS","Ferns and Lycophytes","Thelypteridaceae","Amauropelta","rivularioides","(Fée) Salino & T.E.Almeida","THELYPTERIDACEAE Amauropelta rivularioides (Fée) Salino & T.E.Almeida","168770","GBIF","BHCB","Dokkedal, A.L.","55","Native","Bronze","Low","Jardim Botânico Municipal de Bauru, Vargem Limpa, entreda na ponte da Trilha de visitação.","Não"
"REFÚGIO DE VIDA SILVESTRE AIMORÉS","Ferns and Lycophytes","Thelypteridaceae","Christella","conspersa","(Schrad.) Á.Löve & D.Löve","THELYPTERIDACEAE Christella conspersa (Schrad.) Á.Löve & D.Löve","168789","GBIF","BHCB","Andrade, M.","119","Native","Bronze","Low","Jardim Botânico Municipal de Bauru, Divisa com área da Unesp.","Não"
"REFÚGIO DE VIDA SILVESTRE AIMORÉS","Ferns and Lycophytes","Thelypteridaceae","Cyclosorus","interruptus","(Willd.) H. Ito","THELYPTERIDACEAE Cyclosorus interruptus (Willd.) H. Ito","168784","GBIF","BHCB","Andrade, M.","s.n.","Native","Bronze","Low","Jardim Botânico Municipal de Bauru, Mata de brejo junto ao Córrego Vargem Limpa.","Não"
"REFÚGIO DE VIDA SILVESTRE AIMORÉS","Angiosperms","Thymelaeaceae","Daphnopsis","racemosa","Griseb.","THYMELAEACEAE Daphnopsis racemosa Griseb.","18537","GBIF","Escola Superior de Agricultura ''Luiz de Queiroz'' - ESALQ/USP","Carboni, M.",,"Native","Latão","Low","Campus da UNESP","Não"
"REFÚGIO DE VIDA SILVESTRE AIMORÉS","Angiosperms","Turneraceae","Piriqueta","cistoides","(L.) Griseb.","TURNERACEAE Piriqueta cistoides (L.) Griseb.","6181","Splink","UNBA","Silva, S.S.",,"Native","Bronze","High","Gleba II do Refúgio de Vida Silvestre Aimorés","Não"
"REFÚGIO DE VIDA SILVESTRE AIMORÉS","Angiosperms","Urticaceae","Cecropia","pachystachya","Trécul","URTICACEAE Cecropia pachystachya Trécul","6189","Splink","UNBA","Silva, S.S.",,"Native","Bronze","High","Gleba II do Refúgio de Vida Silvestre Aimorés","Não"
"REFÚGIO DE VIDA SILVESTRE AIMORÉS","Angiosperms","Verbenaceae","Lantana","camara","L.","VERBENACEAE Lantana camara L.","132742","GBIF","SPF","Pinheiro, M.H.O.","695","Naturalized","Bronze","Low","Jardim Botânico Municipal de Bauru","Não"
"REFÚGIO DE VIDA SILVESTRE AIMORÉS","Angiosperms","Verbenaceae","Lantana","hypoleuca","Briq.","VERBENACEAE Lantana hypoleuca Briq.","112643","GBIF","UEC","Pinheiro, M.H.O.","637","Native","Bronze","Low","Jardim Botânico Municipal de Bauru","Não"
"REFÚGIO DE VIDA SILVESTRE AIMORÉS","Angiosperms","Verbenaceae","Lippia",,"L.","VERBENACEAE Lippia L.","20372","GBIF","Universidade Estadual Paulista ''Júlio de Mesquita Filho''","Rissi, M.N.",,,"Latão","Low","Área dos posseiros.","Não"
"REFÚGIO DE VIDA SILVESTRE AIMORÉS","Angiosperms","Vochysiaceae","Qualea","cordata","Spreng.","VOCHYSIACEAE Qualea cordata var. cordata Spreng.","104745","GBIF","UEC","Pinheiro, M.H.O.","460","Native","Bronze","Low","Jardim Botânico Municipal de Bauru.&nf;Cerradão.","Não"
"REFÚGIO DE VIDA SILVESTRE AIMORÉS","Angiosperms","Vochysiaceae","Qualea","dichotoma","(Mart.) Warm.","VOCHYSIACEAE Qualea dichotoma (Mart.) Warm.","SPSF00053880","Splink","SPSF","Durigan, G.","s/n","Native","Prata","Low",,"Não"
"REFÚGIO DE VIDA SILVESTRE AIMORÉS","Angiosperms","Vochysiaceae","Qualea","grandiflora","Mart.","VOCHYSIACEAE Qualea grandiflora Mart.","5007","GBIF","SPFR","Pinheiro., M.H.O.","228","Native","Ouro","Low","Jardim Botânico Municipal de Bauru","Não"
"REFÚGIO DE VIDA SILVESTRE AIMORÉS","Angiosperms","Vochysiaceae","Qualea","multiflora","Mart.","VOCHYSIACEAE Qualea multiflora Mart.","5008","GBIF","SPFR","Pinheiro., M.H.O.","230","Native","Ouro","Low","Jardim Botânico Municipal de Bauru","Não"
"REFÚGIO DE VIDA SILVESTRE AIMORÉS","Angiosperms","Vochysiaceae","Qualea","parviflora","Mart.","VOCHYSIACEAE Qualea parviflora Mart.","167623","GBIF","UEC","Weiser, V.L.","50","Native","Ouro","Low","Jardim Botânico Municipal de Bauru, Trilha Principal.","Não"
"REFÚGIO DE VIDA SILVESTRE AIMORÉS","Angiosperms","Vochysiaceae","Vochysia","cinnamomea","Pohl","VOCHYSIACEAE Vochysia cinnamomea Pohl","167622","GBIF","UEC","Weiser, V.L.","276","Native","Ouro","Low","Jardim botânico municipal de Bauru, trilha para a antiga raia.","Não"
"REFÚGIO DE VIDA SILVESTRE AIMORÉS","Angiosperms","Vochysiaceae","Vochysia","tucanorum","Mart.","VOCHYSIACEAE Vochysia tucanorum Mart.","120221","GBIF","UEC","Weiser, V.L.","573","Native","Ouro","Low","Jardim Botânico Municipal de Bauru, trilha para Antiga Raia, Parcela 7, Forófito 180, Fenologia 10.","Não"
