"data_source","gbifID","bibliographicCitation","modified","type","institutionID","collectionID","datasetID","institutionCode","collectionCode","datasetName","basisOfRecord","informationWithheld","dataGeneralizations","occurrenceID","catalogNumber","recordNumber","recordedBy","recordedByID","caste","vitality","georeferenceVerificationStatus","occurrenceStatus","materialEntityID","materialEntityRemarks","verbatimLabel","eventType","fieldNumber","eventDate","year","month","day","verbatimEventDate","habitat","samplingProtocol","fieldNotes","eventRemarks","locationID","countryCode","stateProvince","county","municipality","locality","verbatimLocality","verbatimElevation","locationRemarks","decimalLatitude","decimalLongitude","coordinateUncertaintyInMeters","coordinatePrecision","pointRadiusSpatialFit","verbatimCoordinateSystem","georeferencedBy","georeferencedDate","georeferenceProtocol","georeferenceRemarks","identificationID","verbatimIdentification","typeStatus","identifiedBy","identifiedByID","dateIdentified","identificationRemarks","taxonID","scientificName","acceptedNameUsage","parentNameUsage","originalNameUsage","nameAccordingTo","namePublishedIn","namePublishedInYear","kingdom","phylum","class","order","superfamily","family","subfamily","tribe","subtribe","genus","genericName","subgenus","infragenericEpithet","specificEpithet","infraspecificEpithet","cultivarEpithet","taxonRank","verbatimTaxonRank","taxonomicStatus","taxonRemarks","datasetKey","distanceFromCentroidInMeters","mediaType","hasCoordinate","hasGeospatialIssues","species","acceptedScientificName","verbatimScientificName","projectId","isSequenced","gbifRegion","publishedByGbifRegion","iucnRedListCategory","associatedMedia","country","minimumElevationInMeters","maximumElevationInMeters","minimumDepthInMeters","maximumDepthInMeters","geodeticDatum","verbatimCoordinates","verbatimLatitude","verbatimLongitude","scientificNameAuthorship","downloadedFrom","dayIdentified","latitude","longitude","monthIdentified","occurrenceRemarks","yearIdentified","right","modified_incomplete","Clado","barcode","continentocean","preparationtype","previouscatalognumber","relationshiptype","relatedcatalogitem","imageCollectionCode","virtualDuplicates","duplicates","DeterminationQualifier","recordedByExtra","dateCollected","dateCollectedMax","verbatimElevationMax","measurementUnit","verbatimLatitudeMax","verbatimLongitudeMax","updatedBy","dateUpdated","collectionCode.new","collectionObs","recordedBy.new","recordNumber.new","year.new","identifiedBy.new","yearIdentified.new","recordedBy.aux","last.name","identifiedBy.aux","country.new","stateProvince.new","municipality.new","locality.new","locality.scrap","resol.orig","loc","loc.correct","latitude.gazetteer","longitude.gazetteer","resolution.gazetteer","loc.correct.mun","NAME_0","NAME_1","NAME_2","NAME_3","source","coord.check","decimalLatitude.new","decimalLongitude.new","origin.coord","precision.coord","recordID","confidenceLocality","loc.check","scientificName.new","scientificNameAuthorship.new","scientificNameStatus","suggestedFamily","suggestedName","suggestedAuthorship","taxon.rank","tax.notes","id","accepted.tax.name","accepted.tax.authorship","scientificNameFull","genus.new","family.new","tax.check","species.new"
"speciesLink",,,"2024-08-28T17:10:46",,,"437",,"UNISANTA","HUSC",,"PreservedSpecimen",,,,"8461","1025","Martins, S.E.; Aragaki, S.; Peralta, D.F.",,,,,,,,,,,,"2007","04","23",,,,,,,,"São Paulo","Apiai","Apiai","Parque Natural Municipal Morro do Ouro.",,,,"-24.517222","-48.835278",,,,,,,,,,,,"Gomes, S.S.J.",,"2007-05-NA",,,"Begonia capanemae",,,,,,,"Plantae","Angiosperma",,,,"Begoniaceae",,,,"Begonia",,,,"capanemae",,,,,,,,,,,,,,"Begonia capanemae",,,,,,,"Brasil",,,,,,,"-24.517222","-48.835278","Brade.","Splink",,,,"05",,"2007",,,,"HUSC008461",,,,,,,,,,,,,,,,,,,"HUSC",,"Martins, S.E.","1025","2007","Gomes, S.S.J.","2007","Aragaki, S.; Peralta, D.F.","Martins",,"brazil","sao paulo","apiai","parque natural municipal morro do ouro",,"locality","brazil_sao paulo_apiai","brazil_sao paulo_apiai",-24.4215147,-48.81884868,"county","brazil_sao paulo_apiai","Brazil","São Paulo","Apiaí",,"ibge",TRUE,-24.517222,-48.835278,"coord_original","seconds",1612857,"High","check_local.2municip.","Begonia capanemae","Brade","possibly_ok","Begoniaceae","Begonia capanemae","Brade","species","author misspelled","bfo-5587",,,"Begonia capanemae Brade","Begonia","Begoniaceae","low","Begonia capanemae"
"speciesLink",,,"2024-08-28T17:10:46",,,"437",,"UNISANTA","HUSC",,"PreservedSpecimen",,,,"8462","1026","Martins, S.E.; Aragaki, S.; Peralta, D.F.",,,,,,,,,,,,"2007","04","23",,,,,,,,"São Paulo","Apiai","Apiai","Parque Natural Municipal Morro do Ouro.",,,,"-24.517222","-48.835278",,,,,,,,,,,,"Gomes, S.S.J.",,"2007-05-NA",,,"Begonia fruticosa",,,,,,,"Plantae","Angiosperma",,,,"Begoniaceae",,,,"Begonia",,,,"fruticosa",,,,,,,,,,,,,,"Begonia fruticosa",,,,,,,"Brasil",,,,,,,"-24.517222","-48.835278","(Klostzch) A.D.C.","Splink",,,,"05",,"2007",,,,"HUSC008462",,,,,,,,,,,,,,,,,,,"HUSC",,"Martins, S.E.","1026","2007","Gomes, S.S.J.","2007","Aragaki, S.; Peralta, D.F.","Martins",,"brazil","sao paulo","apiai","parque natural municipal morro do ouro",,"locality","brazil_sao paulo_apiai","brazil_sao paulo_apiai",-24.4215147,-48.81884868,"county","brazil_sao paulo_apiai","Brazil","São Paulo","Apiaí",,"ibge",TRUE,-24.517222,-48.835278,"coord_original","seconds",1612870,"High","check_local.2municip.","Begonia fruticosa","(Klotzsch) A.DC.","possibly_ok","Begoniaceae","Begonia fruticosa","(Klotzsch) A.DC.","species","author misspelled","bfo-5619",,,"Begonia fruticosa (Klotzsch) A.DC.","Begonia","Begoniaceae","low","Begonia fruticosa"
"speciesLink",,,"2021-12-09T11:02:32",,,"1",,"IBt","SP",,"PreservedSpecimen",,,,"412468","1015","Martins, SE; et al.",,,,,,,,,,,,"2007","04","23",,,,,,,,"São Paulo","Apiaí","Apiaí","Parque Natural Municipal Morro do Ouro",,,,"-24.517222","-48.835278",,,,,,,,,,,,"Martins, SE",,"2007-04-NA",,,"Billbergia amoena",,,,,,,"Plantae",,,,,"Bromeliaceae",,,,"Billbergia",,,,"amoena",,,,,,,,,,,,,,"Billbergia amoena",,,,,,,"Brasil","900","900",,,,,"-24.517222","-48.835278","(Lodd.) Lindl.","Splink",,,,"04",,"2007",,,,,,,,,,,,,,,,,,,,,,,"SP",,"Martins, S.E.","1015","2007","Martins, S.E.","2007",,"Martins",,"brazil","sao paulo","apiai","parque natural municipal morro do ouro",,"locality","brazil_sao paulo_apiai","brazil_sao paulo_apiai",-24.4215147,-48.81884868,"county","brazil_sao paulo_apiai","Brazil","São Paulo","Apiaí",,"ibge",TRUE,-24.517222,-48.835278,"coord_original","seconds",1152383,"High","check_local.2municip.","Billbergia amoena","(Lodd.) Lindl.","possibly_ok","Bromeliaceae","Billbergia amoena","(Lodd.) Lindl.","species","name accepted","bfo-5922",,,"Billbergia amoena (Lodd.) Lindl.","Billbergia","Bromeliaceae","low","Billbergia amoena"
"speciesLink",,,"2014-03-29T00:10:00",,,"728",,,"MO-DUPLICATES",,"PreservedSpecimen",,,,"90138406","1175","J.I. Puiggari",,,,,,,,,,,,,,,,,,,,,,"São Paulo",,,,,,,"-24.51666","-48.83333",,,,,,,,,,,,"R.A. Pursell",,,,,"Fissidens acacioides",,,,,,,"Plantae",,,,,"Fissidentaceae",,,,"Fissidens",,,,"acacioides",,,,,,,,,,,,,,"Fissidens acacioides",,,,,,,"Brazil",,,,,,,,,"Schrad.","Splink",,,,,,,,,,,"South America",,,,,,,,,,,,,,,,,,"MO-DUPLICATES","code not found","Puiggari, J.I.","1175",,"Pursell, R.A.",,,"Puiggari",,"brazil","sao paulo",,,,"stateProvince","brazil_sao paulo","brazil_sao paulo",-22.2584562,-48.7420254,"state","brazil_sao paulo","Brazil","São Paulo",,,"gdam",TRUE,-24.51666,-48.83333,"coord_original","miliseconds",1651757,"Low","ok_same_resolution","Fissidens acacioides","Schrad.","possibly_ok",,"Fissidens acacioides","Schrad.","species","not found",,,,"Fissidens acacioides Schrad.","Fissidens","Fabaceae","low","Fissidens acacioides"
"speciesLink",,,"2015-11-05T22:16:00",,,"728",,,"MO-DUPLICATES",,"PreservedSpecimen",,,,"90119138","1775","J.I. Puiggari",,,,,,,,,,,,"1881",,,,,,,,,,"São Paulo",,,"Apiahy",,,,"-24.51666","-48.83333",,,,,,,,,,,,"R.A. Pursell",,,,,"Fissidens acacioides acacioides",,,,,,,"Plantae",,,,,"Fissidentaceae",,,,"Fissidens",,,,"acacioides","acacioides",,,,,,,,,,,,,"Fissidens acacioides acacioides",,,,,,,"Brazil",,,,,,,,,,"Splink",,,,,,,,,,,"South America",,,,,,,,,,,,,,,,,,"MO-DUPLICATES","code not found","Puiggari, J.I.","1775","1881","Pursell, R.A.",,,"Puiggari",,"brazil","sao paulo","apiahy","apiahy",,"locality","brazil_sao paulo_apiahy","brazil_sao paulo",-22.2584562,-48.7420254,"state","brazil_sao paulo","Brazil","São Paulo",,,"gdam",TRUE,-24.51666,-48.83333,"coord_original","miliseconds",1651759,"Low","check_local.2state","Fissidens acacioides acacioides",,"not_Genus_epithet_format",,"Fissidens acacioides acacioides",,"species","not found",,,,"Fissidens acacioides acacioides","Fissidens","Fabaceae","low","Fissidens acacioides acacioides"
"gbif","2.00643878348232e-314","http://www.tropicos.org/Specimen/90119138","2015-11-05 22:16:00","PhysicalObject",,"http://biocol.org/urn:lsid:biocol.org:col:15859",,,"Tropicos","Tropicos","PRESERVED_SPECIMEN",,,"urn:catalog:MO:Tropicos:90119138","90119138","1775","J.I. Puiggari",,,,,"PRESENT",,,,,,"1881","1881",,,,,,,,,"BR","São Paulo",,,"Apiahy",,,,"-24.51666","-48.83333",,,,,,,,,,,,"R.A. Pursell",,,,"35204127","Fissidens acacioides var. acacioides",,,,,,,"Plantae","Bryophyta","Bryopsida","Dicranales",,"Fissidentaceae",,,,"Fissidens","Fissidens",,,"acacioides","acacioides",,"variety",,"ACCEPTED",,"e053ff53-c156-4e2e-b9b5-4462e9625424",,,TRUE,FALSE,"Fissidens acacioides","Fissidens acacioides var. acacioides","Fissidens acacioides var. acacioides","null",FALSE,"LATIN_AMERICA","NORTH_AMERICA",,,"Brazil",,,,,,,,,,"GBIF",,,,,,,,,,,,,,,,,,,,,,,,,,,,,"Tropicos","code not found","Puiggari, J.I.","1775","1881","Pursell, R.A.",,,"Puiggari",,"brazil","sao paulo","apiahy","apiahy",,"locality","brazil_sao paulo_apiahy","brazil_sao paulo",-22.2584562,-48.7420254,"state","brazil_sao paulo","Brazil","São Paulo",,,"gdam",TRUE,-24.51666,-48.83333,"coord_original","miliseconds",756797,"Low","check_local.2state","Fissidens acacioides var. acacioides",,"variety",,"Fissidens acacioides var. acacioides",,"subspecies","not found",,,,"Fissidens acacioides var. acacioides","Fissidens","Fabaceae","low","Fissidens acacioides var. acacioides"
"speciesLink",,,"2014-03-29T00:10:00",,,"728",,"BM","MO-DUPLICATES",,"PreservedSpecimen",,,,"90139152","312","J.I. Puiggari",,,,,,,,,,,,,,,,,,,,,,"São Paulo",,,"Apiahy.",,,,"-24.51666","-48.83333",,,,,,,,,,,,"R.A. Pursell",,,,,"Fissidens asplenioides",,,,,,,"Plantae",,,,,"Fissidentaceae",,,,"Fissidens",,,,"asplenioides",,,,,,,,,,,,,,"Fissidens asplenioides",,,,,,,"Brazil",,,,,,,,,"Hedw.","Splink",,,,,,,,,,,"South America",,,,,,,,,,,,,,,,,,"MO-DUPLICATES","code not found","Puiggari, J.I.","312",,"Pursell, R.A.",,,"Puiggari",,"brazil","sao paulo","apiahy","apiahy",,"locality","brazil_sao paulo_apiahy","brazil_sao paulo",-22.2584562,-48.7420254,"state","brazil_sao paulo","Brazil","São Paulo",,,"gdam",TRUE,-24.51666,-48.83333,"coord_original","miliseconds",1650021,"Low","check_local.2state","Fissidens asplenioides","Hedw.","possibly_ok",,"Fissidens asplenioides","Hedw.","species","not found",,,,"Fissidens asplenioides Hedw.","Fissidens","Fabaceae","low","Fissidens asplenioides"
"gbif","6.23367273033431e-315","http://www.tropicos.org/Specimen/90138414","2014-03-29 00:10:00","PhysicalObject",,"http://biocol.org/urn:lsid:biocol.org:col:15859",,"BM","Tropicos","Tropicos","PRESERVED_SPECIMEN",,,"urn:catalog:MO:Tropicos:90138414","90138414","320a","J.I. Puiggari",,,,,"PRESENT",,,,,,,,,,,,,,,,"BR",,,,"Apiahy.",,,,"-24.51666","-48.83333",,,,,,,,,,,,"R.A. Pursell",,,,"35180718","Fissidens crispus",,,,,,,"Plantae","Bryophyta","Bryopsida","Dicranales",,"Fissidentaceae",,,,"Fissidens","Fissidens",,,"crispus",,,"species",,"ACCEPTED",,"e053ff53-c156-4e2e-b9b5-4462e9625424",,,TRUE,FALSE,"Fissidens crispus","Fissidens crispus Mont.","Fissidens crispus Mont.","null",FALSE,"LATIN_AMERICA","NORTH_AMERICA","NE",,"Brazil",,,,,,,,,"Mont.","GBIF",,,,,,,,,,,,,,,,,,,,,,,,,,,,,"Tropicos","code not found","Puiggari, J.I.","320-A",,"Pursell, R.A.",,,"Puiggari",,"brazil",,"apiahy","apiahy",,"country","brazil","brazil",-10.74257447,-53.08032013,"country","brazil","Brazil",,,,"gdam",TRUE,-24.51666,-48.83333,"coord_original","miliseconds",223252,"Low","ok_same_resolution","Fissidens crispus","Mont.","possibly_ok",,"Fissidens crispus","Mont.","species","not found",,,,"Fissidens crispus Mont.","Fissidens","Fabaceae","low","Fissidens crispus"
"speciesLink",,,"2014-03-29T00:10:00",,,"728",,"S","MO-DUPLICATES",,"PreservedSpecimen",,,,"90139318","2323","J.I. Puiggari",,,,,,,,,,,,,,,,,,,,,,"São Paulo",,,"Apiahy.",,,,"-24.51666","-48.83333",,,,,,,,,,,,"R.A. Pursell",,,,,"Fissidens curvatus",,,,,,,"Plantae",,,,,"Fissidentaceae",,,,"Fissidens",,,,"curvatus",,,,,,,,,,,,,,"Fissidens curvatus",,,,,,,"Brazil",,,,,,,,,"Hornsch.","Splink",,,,,,,,,,,"South America",,,,,,,,,,,,,,,,,,"MO-DUPLICATES","code not found","Puiggari, J.I.","2323",,"Pursell, R.A.",,,"Puiggari",,"brazil","sao paulo","apiahy","apiahy",,"locality","brazil_sao paulo_apiahy","brazil_sao paulo",-22.2584562,-48.7420254,"state","brazil_sao paulo","Brazil","São Paulo",,,"gdam",TRUE,-24.51666,-48.83333,"coord_original","miliseconds",1651769,"Low","check_local.2state","Fissidens curvatus","Hornsch.","possibly_ok",,"Fissidens curvatus","Hornsch.","species","not found",,,,"Fissidens curvatus Hornsch.","Fissidens","Fabaceae","low","Fissidens curvatus"
"speciesLink",,,"2014-03-29T00:10:00",,,"728",,,"MO-DUPLICATES",,"PreservedSpecimen",,,,"90139200","302","J.I. Puiggari",,,,,,,,,,,,,,,,,,,,,,"São Paulo",,,"Apiahy.",,,,"-24.51666","-48.83333",,,,,,,,,,,,"R.A. Pursell",,,,,"Fissidens elegans",,,,,,,"Plantae",,,,,"Fissidentaceae",,,,"Fissidens",,,,"elegans",,,,,,,,,,,,,,"Fissidens elegans",,,,,,,"Brazil",,,,,,,,,"Brid.","Splink",,,,,,,,,,,"South America",,,,,,,,,,,,,,,,,,"MO-DUPLICATES","code not found","Puiggari, J.I.","302",,"Pursell, R.A.",,,"Puiggari",,"brazil","sao paulo","apiahy","apiahy",,"locality","brazil_sao paulo_apiahy","brazil_sao paulo",-22.2584562,-48.7420254,"state","brazil_sao paulo","Brazil","São Paulo",,,"gdam",TRUE,-24.51666,-48.83333,"coord_original","miliseconds",1650181,"Low","check_local.2state","Fissidens elegans","Brid.","possibly_ok",,"Fissidens elegans","Brid.","species","not found",,,,"Fissidens elegans Brid.","Fissidens","Fabaceae","low","Fissidens elegans"
"speciesLink",,,"2014-03-29T00:10:00",,,"728",,"BM","MO-DUPLICATES",,"PreservedSpecimen",,,,"90138418","318","J.I. Puiggari",,,,,,,,,,,,,,,,,,,,,,"São Paulo",,,"Apiahy.",,,,"-24.51666","-48.83333",,,,,,,,,,,,"R.A. Pursell",,,,,"Fissidens guianensis guianensis",,,,,,,"Plantae",,,,,"Fissidentaceae",,,,"Fissidens",,,,"guianensis","guianensis",,,,,,,,,,,,,"Fissidens guianensis guianensis",,,,,,,"Brazil",,,,,,,,,,"Splink",,,,,,,,,,,"South America",,,,,,,,,,,,,,,,,,"MO-DUPLICATES","code not found","Puiggari, J.I.","318",,"Pursell, R.A.",,,"Puiggari",,"brazil","sao paulo","apiahy","apiahy",,"locality","brazil_sao paulo_apiahy","brazil_sao paulo",-22.2584562,-48.7420254,"state","brazil_sao paulo","Brazil","São Paulo",,,"gdam",TRUE,-24.51666,-48.83333,"coord_original","miliseconds",1651775,"Low","check_local.2state","Fissidens guianensis guianensis",,"not_Genus_epithet_format",,"Fissidens guianensis guianensis",,"species","not found",,,,"Fissidens guianensis guianensis","Fissidens","Fabaceae","low","Fissidens guianensis guianensis"
"gbif","6.23367276985956e-315","http://www.tropicos.org/Specimen/90138418","2014-03-29 00:10:00","PhysicalObject",,"http://biocol.org/urn:lsid:biocol.org:col:15859",,"BM","Tropicos","Tropicos","PRESERVED_SPECIMEN",,,"urn:catalog:MO:Tropicos:90138418","90138418","318","J.I. Puiggari",,,,,"PRESENT",,,,,,,,,,,,,,,,"BR","São Paulo",,,"Apiahy.",,,,"-24.51666","-48.83333",,,,,,,,,,,,"R.A. Pursell",,,,"35201304","Fissidens guianensis var. guianensis",,,,,,,"Plantae","Bryophyta","Bryopsida","Dicranales",,"Fissidentaceae",,,,"Fissidens","Fissidens",,,"guianensis","guianensis",,"variety",,"ACCEPTED",,"e053ff53-c156-4e2e-b9b5-4462e9625424",,,TRUE,FALSE,"Fissidens guianensis","Fissidens guianensis var. guianensis","Fissidens guianensis var. guianensis","null",FALSE,"LATIN_AMERICA","NORTH_AMERICA",,,"Brazil",,,,,,,,,,"GBIF",,,,,,,,,,,,,,,,,,,,,,,,,,,,,"Tropicos","code not found","Puiggari, J.I.","318",,"Pursell, R.A.",,,"Puiggari",,"brazil","sao paulo","apiahy","apiahy",,"locality","brazil_sao paulo_apiahy","brazil_sao paulo",-22.2584562,-48.7420254,"state","brazil_sao paulo","Brazil","São Paulo",,,"gdam",TRUE,-24.51666,-48.83333,"coord_original","miliseconds",223253,"Low","check_local.2state","Fissidens guianensis var. guianensis",,"variety",,"Fissidens guianensis var. guianensis",,"subspecies","not found",,,,"Fissidens guianensis var. guianensis","Fissidens","Fabaceae","low","Fissidens guianensis var. guianensis"
"speciesLink",,,"2014-03-29T00:10:00",,,"728",,,"MO-DUPLICATES",,"PreservedSpecimen",,,,"90138824","434","J.I. Puiggari",,,,,,,,,,,,,,,,,,,,,,"São Paulo",,,,,,,"-24.51666","-48.83333",,,,,,,,,,,,"R.A. Pursell",,,,,"Fissidens intramarginatus",,,,,,,"Plantae",,,,,"Fissidentaceae",,,,"Fissidens",,,,"intramarginatus",,,,,,,,,,,,,,"Fissidens intramarginatus",,,,,,,"Brazil",,,,,,,,,"(Hampe) A. Jaeger","Splink",,,,,,,,,,,"South America",,,,,,,,,,,,,,,,,,"MO-DUPLICATES","code not found","Puiggari, J.I.","434",,"Pursell, R.A.",,,"Puiggari",,"brazil","sao paulo",,,,"stateProvince","brazil_sao paulo","brazil_sao paulo",-22.2584562,-48.7420254,"state","brazil_sao paulo","Brazil","São Paulo",,,"gdam",TRUE,-24.51666,-48.83333,"coord_original","miliseconds",1650192,"Low","ok_same_resolution","Fissidens intramarginatus","(Hampe) A. Jaeger","possibly_ok",,"Fissidens intramarginatus","(Hampe) A. Jaeger","species","not found",,,,"Fissidens intramarginatus (Hampe) A. Jaeger","Fissidens","Fabaceae","low","Fissidens intramarginatus"
"speciesLink",,,"2015-11-05T22:16:00",,,"728",,"BM","MO-DUPLICATES",,"PreservedSpecimen",,,,"90119149","914","J.I. Puiggari",,,,,,,,,,,,"1879","9",,,,,,,,,"São Paulo",,,"Prope Apiahy",,,,"-24.51666","-48.83333",,,,,,,,,,,,"R.A. Pursell",,,,,"Fissidens oediloma",,,,,,,"Plantae",,,,,"Fissidentaceae",,,,"Fissidens",,,,"oediloma",,,,,,,,,,,,,,"Fissidens oediloma",,,,,,,"Brazil",,,,,,,,,"Müll. Hal. ex Broth.","Splink",,,,,,,,,,,"South America",,,,,,,,,,,,,,,,,,"MO-DUPLICATES","code not found","Puiggari, J.I.","914","1879","Pursell, R.A.",,,"Puiggari",,"brazil","sao paulo","prope apiahy","prope apiahy",,"locality","brazil_sao paulo_prope apiahy","brazil_sao paulo",-22.2584562,-48.7420254,"state","brazil_sao paulo","Brazil","São Paulo",,,"gdam",TRUE,-24.51666,-48.83333,"coord_original","miliseconds",1650033,"Low","check_local.2state","Fissidens oediloma","Müll. Hal. ex Broth.","possibly_ok",,"Fissidens oediloma","Müll. Hal. ex Broth.","species","not found",,,,"Fissidens oediloma Müll. Hal. ex Broth.","Fissidens","Fabaceae","low","Fissidens oediloma"
"speciesLink",,,"2014-03-29T00:10:00",,,"728",,,"MO-DUPLICATES",,"PreservedSpecimen",,,,"90136769","12a","J.I. Puiggari",,,,,,,,,,,,,,,,,,,,,,"São Paulo",,,"Apiahy.",,,,"-24.51666","-48.83333",,,,,,,,,,,,"R.A. Pursell",,,,,"Fissidens pellucidus asterodontius",,,,,,,"Plantae",,,,,"Fissidentaceae",,,,"Fissidens",,,,"pellucidus","asterodontius",,,,,,,,,,,,,"Fissidens pellucidus asterodontius",,,,,,,"Brazil",,,,,,,,,"(Müll. Hal.) Pursell","Splink",,,,,,,,,,,"South America",,,,,,,,,,,,,,,,,,"MO-DUPLICATES","code not found","Puiggari, J.I.","12-A",,"Pursell, R.A.",,,"Puiggari",,"brazil","sao paulo","apiahy","apiahy",,"locality","brazil_sao paulo_apiahy","brazil_sao paulo",-22.2584562,-48.7420254,"state","brazil_sao paulo","Brazil","São Paulo",,,"gdam",TRUE,-24.51666,-48.83333,"coord_original","miliseconds",1650022,"Low","check_local.2state","Fissidens pellucidus asterodontius","(Müll. Hal.) Pursell","not_Genus_epithet_format",,"Fissidens pellucidus asterodontius","(Müll. Hal.) Pursell","species","not found",,,,"Fissidens pellucidus asterodontius (Müll. Hal.) Pursell","Fissidens","Fabaceae","low","Fissidens pellucidus asterodontius"
"gbif","2.00643788527097e-314","http://www.tropicos.org/Specimen/90136772","2014-03-29 00:10:00","PhysicalObject",,"http://biocol.org/urn:lsid:biocol.org:col:15859",,,"Tropicos","Tropicos","PRESERVED_SPECIMEN",,,"urn:catalog:MO:Tropicos:90136772","90136772","916","J.I. Puiggari",,,,,"PRESENT",,,,,,,,,,,,,,,,"BR","São Paulo",,,"Apiahy.",,,,"-24.51666","-48.83333",,,,,,,,,,,,"R.A. Pursell",,,,"35189358","Fissidens pellucidus var. asterodontius",,,,,,,"Plantae","Bryophyta","Bryopsida","Dicranales",,"Fissidentaceae",,,,"Fissidens","Fissidens",,,"pellucidus","asterodontius",,"variety",,"ACCEPTED",,"e053ff53-c156-4e2e-b9b5-4462e9625424",,,TRUE,FALSE,"Fissidens pellucidus","Fissidens pellucidus var. asterodontius (Müll.Hal.) Pursell","Fissidens pellucidus var. asterodontius (Müll.Hal.) Pursell","null",FALSE,"LATIN_AMERICA","NORTH_AMERICA",,,"Brazil",,,,,,,,,"(Müll. Hal.) Pursell","GBIF",,,,,,,,,,,,,,,,,,,,,,,,,,,,,"Tropicos","code not found","Puiggari, J.I.","916",,"Pursell, R.A.",,,"Puiggari",,"brazil","sao paulo","apiahy","apiahy",,"locality","brazil_sao paulo_apiahy","brazil_sao paulo",-22.2584562,-48.7420254,"state","brazil_sao paulo","Brazil","São Paulo",,,"gdam",TRUE,-24.51666,-48.83333,"coord_original","miliseconds",756794,"Low","check_local.2state","Fissidens pellucidus var. asterodontius","(Müll. Hal.) Pursell","variety",,"Fissidens pellucidus var. asterodontius","(Müll. Hal.) Pursell","subspecies","not found",,,,"Fissidens pellucidus var. asterodontius (Müll. Hal.) Pursell","Fissidens","Fabaceae","low","Fissidens pellucidus var. asterodontius"
"speciesLink",,,"2015-11-05T22:16:00",,,"728",,"NY","MO-DUPLICATES",,"PreservedSpecimen",,,,"90138868","533","J.I. Puiggari",,,,,,,,,,,,,,,,,,,,,,"São Paulo",,,"Apiahy.",,,,"-24.51666","-48.83333",,,,,,,,,,,,"R.A. Pursell",,,,,"Fissidens saprophilus",,,,,,,"Plantae",,,,,"Fissidentaceae",,,,"Fissidens",,,,"saprophilus",,,,,,,,,,,,,,"Fissidens saprophilus",,,,,,,"Brazil",,,,,,,,,"Broth.","Splink",,,,,,,,,,,"South America",,,,,,,,,,,,,,,,,,"MO-DUPLICATES","code not found","Puiggari, J.I.","533",,"Pursell, R.A.",,,"Puiggari",,"brazil","sao paulo","apiahy","apiahy",,"locality","brazil_sao paulo_apiahy","brazil_sao paulo",-22.2584562,-48.7420254,"state","brazil_sao paulo","Brazil","São Paulo",,,"gdam",TRUE,-24.51666,-48.83333,"coord_original","miliseconds",1652689,"Low","check_local.2state","Fissidens saprophilus","Broth.","possibly_ok",,"Fissidens saprophilus","Broth.","species","not found",,,,"Fissidens saprophilus Broth.","Fissidens","Fabaceae","low","Fissidens saprophilus"
"speciesLink",,,"2015-11-05T22:16:00",,,"728",,"BM","MO-DUPLICATES",,"PreservedSpecimen",,,,"90116823","913","J.I. Puiggari",,,,,,,,,,,,,,,,,,,,,,"São Paulo",,,"Prope Apiahy",,,,"-24.51666","-48.83333",,,,,,,,,,,,"R. Pursell",,,,,"Fissidens scariosus",,,,,,,"Plantae",,,,,"Fissidentaceae",,,,"Fissidens",,,,"scariosus",,,,,,,,,,,,,,"Fissidens scariosus",,,,,,,"Brazil",,,,,,,,,"Mitt.","Splink",,,,,,,,,,,"South America",,,,,,,,,,,,,,,,,,"MO-DUPLICATES","code not found","Puiggari, J.I.","913",,"Pursell, R.",,,"Puiggari",,"brazil","sao paulo","prope apiahy","prope apiahy",,"locality","brazil_sao paulo_prope apiahy","brazil_sao paulo",-22.2584562,-48.7420254,"state","brazil_sao paulo","Brazil","São Paulo",,,"gdam",TRUE,-24.51666,-48.83333,"coord_original","miliseconds",1650031,"Low","check_local.2state","Fissidens scariosus","Mitt.","possibly_ok",,"Fissidens scariosus","Mitt.","species","not found",,,,"Fissidens scariosus Mitt.","Fissidens","Fabaceae","low","Fissidens scariosus"
"speciesLink",,,"2014-03-29T00:10:00",,,"728",,"BM","MO-DUPLICATES",,"PreservedSpecimen",,,,"90139222","407","J.I. Puiggari",,,,,,,,,,,,,,,,,,,,,,"São Paulo",,,"Apiahy.",,,,"-24.51666","-48.83333",,,,,,,,,,,,"R.A. Pursell",,,,,"Fissidens serratus serratus",,,,,,,"Plantae",,,,,"Fissidentaceae",,,,"Fissidens",,,,"serratus","serratus",,,,,,,,,,,,,"Fissidens serratus serratus",,,,,,,"Brazil",,,,,,,,,,"Splink",,,,,,,,,,,"South America",,,,,,,,,,,,,,,,,,"MO-DUPLICATES","code not found","Puiggari, J.I.","407",,"Pursell, R.A.",,,"Puiggari",,"brazil","sao paulo","apiahy","apiahy",,"locality","brazil_sao paulo_apiahy","brazil_sao paulo",-22.2584562,-48.7420254,"state","brazil_sao paulo","Brazil","São Paulo",,,"gdam",TRUE,-24.51666,-48.83333,"coord_original","miliseconds",1650020,"Low","check_local.2state","Fissidens serratus serratus",,"not_Genus_epithet_format",,"Fissidens serratus serratus",,"species","not found",,,,"Fissidens serratus serratus","Fissidens","Fabaceae","low","Fissidens serratus serratus"
"gbif","6.23367681131655e-315","http://www.tropicos.org/Specimen/90139222","2014-03-29 00:10:00","PhysicalObject",,"http://biocol.org/urn:lsid:biocol.org:col:15859",,"BM","Tropicos","Tropicos","PRESERVED_SPECIMEN",,,"urn:catalog:MO:Tropicos:90139222","90139222","407","J.I. Puiggari",,,,,"PRESENT",,,,,,,,,,,,,,,,"BR","São Paulo",,,"Apiahy.",,,,"-24.51666","-48.83333",,,,,,,,,,,,"R.A. Pursell",,,,"35200594","Fissidens serratus var. serratus",,,,,,,"Plantae","Bryophyta","Bryopsida","Dicranales",,"Fissidentaceae",,,,"Fissidens","Fissidens",,,"serratus","serratus",,"variety",,"SYNONYM",,"e053ff53-c156-4e2e-b9b5-4462e9625424",,,TRUE,FALSE,"Fissidens serratus","Fissidens serratus Müll.Hal.","Fissidens serratus var. serratus","null",FALSE,"LATIN_AMERICA","NORTH_AMERICA",,,"Brazil",,,,,,,,,,"GBIF",,,,,,,,,,,,,,,,,,,,,,,,,,,,,"Tropicos","code not found","Puiggari, J.I.","407",,"Pursell, R.A.",,,"Puiggari",,"brazil","sao paulo","apiahy","apiahy",,"locality","brazil_sao paulo_apiahy","brazil_sao paulo",-22.2584562,-48.7420254,"state","brazil_sao paulo","Brazil","São Paulo",,,"gdam",TRUE,-24.51666,-48.83333,"coord_original","miliseconds",223262,"Low","check_local.2state","Fissidens serratus var. serratus",,"variety",,"Fissidens serratus var. serratus",,"subspecies","not found",,,,"Fissidens serratus var. serratus","Fissidens","Fabaceae","low","Fissidens serratus var. serratus"
"gbif","6.23367683601983e-315","http://www.tropicos.org/Specimen/90139234","2014-03-29 00:10:00","PhysicalObject",,"http://biocol.org/urn:lsid:biocol.org:col:15859",,"NY","Tropicos","Tropicos","PRESERVED_SPECIMEN",,,"urn:catalog:MO:Tropicos:90139234","90139234","534","J.I. Puiggari",,,,,"PRESENT",,,,,,,,,,,,,,,,"BR","São Paulo",,,"Apiahy.",,,,"-24.51666","-48.83333",,,,,,,,,,,,"R.A. Pursell",,,,"35189401","Fissidens weirii var. weirii",,,,,,,"Plantae","Bryophyta","Bryopsida","Dicranales",,"Fissidentaceae",,,,"Fissidens","Fissidens",,,"weirii","weirii",,"variety",,"ACCEPTED",,"e053ff53-c156-4e2e-b9b5-4462e9625424",,,TRUE,FALSE,"Fissidens weirii","Fissidens weirii var. weirii","Fissidens weirii var. weirii","null",FALSE,"LATIN_AMERICA","NORTH_AMERICA",,,"Brazil",,,,,,,,,,"GBIF",,,,,,,,,,,,,,,,,,,,,,,,,,,,,"Tropicos","code not found","Puiggari, J.I.","534",,"Pursell, R.A.",,,"Puiggari",,"brazil","sao paulo","apiahy","apiahy",,"locality","brazil_sao paulo_apiahy","brazil_sao paulo",-22.2584562,-48.7420254,"state","brazil_sao paulo","Brazil","São Paulo",,,"gdam",TRUE,-24.51666,-48.83333,"coord_original","miliseconds",223263,"Low","check_local.2state","Fissidens weirii var. weirii",,"variety",,"Fissidens weirii var. weirii",,"subspecies","not found",,,,"Fissidens weirii var. weirii","Fissidens","Fabaceae","low","Fissidens weirii var. weirii"
"speciesLink",,,"2014-03-29T00:10:00",,,"728",,"NY","MO-DUPLICATES",,"PreservedSpecimen",,,,"90139234","534","J.I. Puiggari",,,,,,,,,,,,,,,,,,,,,,"São Paulo",,,"Apiahy.",,,,"-24.51666","-48.83333",,,,,,,,,,,,"R.A. Pursell",,,,,"Fissidens weirii weirii",,,,,,,"Plantae",,,,,"Fissidentaceae",,,,"Fissidens",,,,"weirii","weirii",,,,,,,,,,,,,"Fissidens weirii weirii",,,,,,,"Brazil",,,,,,,,,,"Splink",,,,,,,,,,,"South America",,,,,,,,,,,,,,,,,,"MO-DUPLICATES","code not found","Puiggari, J.I.","534",,"Pursell, R.A.",,,"Puiggari",,"brazil","sao paulo","apiahy","apiahy",,"locality","brazil_sao paulo_apiahy","brazil_sao paulo",-22.2584562,-48.7420254,"state","brazil_sao paulo","Brazil","São Paulo",,,"gdam",TRUE,-24.51666,-48.83333,"coord_original","miliseconds",1650225,"Low","check_local.2state","Fissidens weirii weirii",,"not_Genus_epithet_format",,"Fissidens weirii weirii",,"species","not found",,,,"Fissidens weirii weirii","Fissidens","Fabaceae","low","Fissidens weirii weirii"
"speciesLink",,,"2023-03-29T16:54:46",,,"259",,"UFRGS","ICN",,"S",,,,"200542","1270","Alves-Silva, G",,,,,,,,,,,,"2018","02","06",,,,,,,,"SP","Apiaí","Apiaí","Parque Natural Municipal Morro do Ouro",,,,"-24.521667","-48.834444",,,,,,,,,,,"Epitype","Alves-Silva, G",,"2019-05-14",,,"Fomitiporia apiahyna",,,,,,,"Plantae","Fungi",,,,"Hymenochaetaceae",,,,"Fomitiporia",,,,"apiahyna",,,,,,,,,,,,,,"Fomitiporia apiahyna",,,,,,,"Brasil","840","840",,,,,"-24.521667","-48.834444","(Speg.) Robledo, Decock & Rajchenb.","Splink","14",,,"05",,"2019",,,,"ICN00044542","América do Sul",,,,,,,,,,,,,,,,,,"ICN",,"Alves-Silva, G.","1270","2018","Alves-Silva, G.","2019",,"Alves-Silva",,"brazil","sao paulo","apiai","parque natural municipal morro do ouro",,"locality","brazil_sao paulo_apiai","brazil_sao paulo_apiai",-24.4215147,-48.81884868,"county","brazil_sao paulo_apiai","Brazil","São Paulo","Apiaí",,"ibge",TRUE,-24.521667,-48.834444,"coord_original","seconds",1589988,"High","check_local.2municip.","Fomitiporia apiahyna","(Speg.) Robledo, Decock & Rajchenb.","possibly_ok",,"Fomitiporia apiahyna","(Speg.) Robledo, Decock & Rajchenb.","species","not found",,,,"Fomitiporia apiahyna (Speg.) Robledo, Decock & Rajchenb.","Fomitiporia","Burseraceae","high","Fomitiporia apiahyna"
"speciesLink",,,"2023-03-29T16:54:46",,,"259",,"UFRGS","ICN",,"S",,,,"200568","1276","Alves-Silva, G",,,,,,,,,,,,"2018","02","06",,,,,,,,"SP","Apiaí","Apiaí","Parque Natural Municipal Morro do Ouro",,,,"-24.521111","-48.837222",,,,,,,,,,,,"Alves-Silva, G",,"2019-05-14",,,"Fomitiporia subtilissima",,,,,,,"Plantae","Fungi",,,,"Hymenochaetaceae",,,,"Fomitiporia",,,,"subtilissima",,,,,,,,,,,,,,"Fomitiporia subtilissima",,,,,,,"Brasil","919","919",,,,,"-24.521111","-48.837222","Alves-Silva, Reck & Drechsler-Santos","Splink","14",,,"05",,"2019",,,,,"América do Sul",,,,,,,,,,,,,,,,,,"ICN",,"Alves-Silva, G.","1276","2018","Alves-Silva, G.","2019",,"Alves-Silva",,"brazil","sao paulo","apiai","parque natural municipal morro do ouro",,"locality","brazil_sao paulo_apiai","brazil_sao paulo_apiai",-24.4215147,-48.81884868,"county","brazil_sao paulo_apiai","Brazil","São Paulo","Apiaí",,"ibge",TRUE,-24.521111,-48.837222,"coord_original","seconds",1589991,"High","check_local.2municip.","Fomitiporia subtilissima","Alves-Silva, Reck & Drechsler-Santos","possibly_ok",,"Fomitiporia subtilissima","Alves-Silva, Reck & Drechsler-Santos","species","not found",,,,"Fomitiporia subtilissima Alves-Silva, Reck & Drechsler-Santos","Fomitiporia","Burseraceae","low","Fomitiporia subtilissima"
"speciesLink",,,"2020-03-29T08:49:00",,,"728",,"G","MO-DUPLICATES",,"PreservedSpecimen",,,,"90089326","433","J.I. Puiggari",,,,,,,,,,,,,"3",,,,,,,,,"São Paulo",,,"Apihay",,,,"-24.5166667","-48.8333333",,,,,,,,,,,,"M.J. Price",,"2001-NA-NA",,,"Holomitrium crispulum",,,,,,,"Plantae",,,,,"Dicranaceae",,,,"Holomitrium",,,,"crispulum",,,,,,,,,,,,,,"Holomitrium crispulum",,,,,,,"Brazil",,,,,,,,,"Mart.","Splink",,,,,,"2001",,,,,"South America",,,,,,,,,,,,,,,,,,"MO-DUPLICATES","code not found","Puiggari, J.I.","433",,"Price, M.J.","2001",,"Puiggari",,"brazil","sao paulo","apihay","apihay",,"locality","brazil_sao paulo_apihay","brazil_sao paulo",-22.2584562,-48.7420254,"state","brazil_sao paulo","Brazil","São Paulo",,,"gdam",TRUE,-24.5166667,-48.8333333,"coord_original","miliseconds",1651257,"Low","check_local.2state","Holomitrium crispulum","Mart.","possibly_ok",,"Holomitrium crispulum","Mart.","species","not found",,,,"Holomitrium crispulum Mart.","Holomitrium","Heliotropiaceae","low","Holomitrium crispulum"
"speciesLink",,,"2015-11-05T22:17:00",,,"728",,"JE","MO-DUPLICATES",,"PreservedSpecimen",,,,"90101775","s.n.","J.I. Puiggari",,,,,,,,,,,,"1880","10",,,,,,,,,"São Paulo",,,"Apiahy",,,,"-24.51666","-48.83333",,,,,,,,,,,,,,,,,"Holomitrium glaziovii",,,,,,,"Plantae",,,,,"Dicranaceae",,,,"Holomitrium",,,,"glaziovii",,,,,,,,,,,,,,"Holomitrium glaziovii",,,,,,,"Brazil",,,,,,,,,"Geh. & Hampe","Splink",,,,,,,,,,,"South America",,,,,,,,,,,,,,,,,,"MO-DUPLICATES","code not found","Puiggari, J.I.",,"1880",,,,"Puiggari",,"brazil","sao paulo","apiahy","apiahy",,"locality","brazil_sao paulo_apiahy","brazil_sao paulo",-22.2584562,-48.7420254,"state","brazil_sao paulo","Brazil","São Paulo",,,"gdam",TRUE,-24.51666,-48.83333,"coord_original","miliseconds",1650283,"Low","check_local.2state","Holomitrium glaziovii","Geh. & Hampe","possibly_ok",,"Holomitrium glaziovii","Geh. & Hampe","species","not found",,,,"Holomitrium glaziovii Geh. & Hampe","Holomitrium","Heliotropiaceae","unknown","Holomitrium glaziovii"
"speciesLink",,,"2020-03-29T08:49:00",,,"728",,"G","MO-DUPLICATES",,"PreservedSpecimen",,,,"90089486","39a","J.I. Puiggari",,,,,,,,,,,,,"6",,,,,,,,,"São Paulo",,,"Apihay",,,,"-24.5166667","-48.8333333",,,,,,,,,,,,"M.J. Price",,"2001-NA-NA",,,"Holomitrium nitidum",,,,,,,"Plantae",,,,,"Dicranaceae",,,,"Holomitrium",,,,"nitidum",,,,,,,,,,,,,,"Holomitrium nitidum",,,,,,,"Brazil",,,,,,,,,"Herzog","Splink",,,,,,"2001",,,,,"South America",,,,,,,,,,,,,,,,,,"MO-DUPLICATES","code not found","Puiggari, J.I.","39-A",,"Price, M.J.","2001",,"Puiggari",,"brazil","sao paulo","apihay","apihay",,"locality","brazil_sao paulo_apihay","brazil_sao paulo",-22.2584562,-48.7420254,"state","brazil_sao paulo","Brazil","São Paulo",,,"gdam",TRUE,-24.5166667,-48.8333333,"coord_original","miliseconds",1650287,"Low","check_local.2state","Holomitrium nitidum","Herzog","possibly_ok",,"Holomitrium nitidum","Herzog","species","not found",,,,"Holomitrium nitidum Herzog","Holomitrium","Heliotropiaceae","low","Holomitrium nitidum"
"gbif","9.37549594430063e-315",,"2018-03-23","Physical Object",,,,"AK","AK",,"PRESERVED_SPECIMEN",,,"urn:catalog:AK:AK:AK124855","AK124855",,"J J Puiggari",,,,,"PRESENT",,,,,,"1881-01-01","1881","1","1",,,,,,,"BR",,,,"""Brazil, Sao Paulo, Apiahy""","""Brazil, Sao Paulo, Apiahy""",,,"-24.513889","-48.838889","2000",,,,,,,,,,,,,,,,"Hookeria incurva",,,,,,,"Plantae","Bryophyta","Bryopsida","Hookeriales",,"Pilotrichaceae",,,,"Thamniopsis","Hookeria",,,"incurva",,,"species",,"SYNONYM",,"83ae84cf-88e4-4b5c-80b2-271a15a3e0fc",,,TRUE,FALSE,"Thamniopsis incurva","Thamniopsis incurva (Hornsch.) W.R.Buck","Hookeria incurva (Hornsch.) Hook. & Grev.","null",FALSE,"LATIN_AMERICA","OCEANIA","NE",,"Brazil",,,,,"WGS84",,,,"(Hornsch.) Hook. & Grev.","GBIF",,,,,,,,,,,,,,,,,,,,,,,,,,,,,"AK",,"Puiggari, J.J.",,"1881",,,,"Puiggari",,"brazil",,"""brazil","""brazil",,"country","brazil","brazil",-10.74257447,-53.08032013,"country","brazil","Brazil",,,,"gdam",TRUE,-24.513889,-48.838889,"coord_original","seconds",335736,"Low","ok_same_resolution","Hookeria incurva","(Hornsch.) Hook. & Grev.","name_w_authors",,"Hookeria incurva","(Hornsch.) Hook. & Grev.","species","not found",,,,"Hookeria incurva (Hornsch.) Hook. & Grev.","Hookeria","Aizoaceae","unknown","Hookeria incurva"
"gbif","9.37617503753084e-315",,"2018-03-23","Physical Object",,,,"AK","AK",,"PRESERVED_SPECIMEN",,,"urn:catalog:AK:AK:AK124857","AK124857",,"J J Puiggari",,,,,"PRESENT",,,,,,"1881-01-01","1881","1","1",,,,,,,"BR",,,,"""Brazil, Sao Paulo, Apiahy""","""Brazil, Sao Paulo, Apiahy""",,,"-24.513889","-48.838889","2000",,,,,,,,,,,,,,,,"Hookeria limbata",,,,,,,"Plantae","Bryophyta","Bryopsida","Hookeriales",,"Pilotrichaceae",,,,"Cyclodictyon","Hookeria",,,"limbata",,,"species",,"SYNONYM",,"83ae84cf-88e4-4b5c-80b2-271a15a3e0fc",,,TRUE,FALSE,"Cyclodictyon limbatum","Cyclodictyon limbatum (Hampe ex Ångstr.) Kuntze","Hookeria limbata Hampe","null",FALSE,"LATIN_AMERICA","OCEANIA","NE",,"Brazil",,,,,"WGS84",,,,"Hampe","GBIF",,,,,,,,,,,,,,,,,,,,,,,,,,,,,"AK",,"Puiggari, J.J.",,"1881",,,,"Puiggari",,"brazil",,"""brazil","""brazil",,"country","brazil","brazil",-10.74257447,-53.08032013,"country","brazil","Brazil",,,,"gdam",TRUE,-24.513889,-48.838889,"coord_original","seconds",335742,"Low","ok_same_resolution","Hookeria limbata","Hampe","name_w_authors",,"Hookeria limbata","Hampe","species","not found",,,,"Hookeria limbata Hampe","Hookeria","Dryopteridaceae","unknown","Hookeria limbata"
"gbif","7.83192228395386e-315",,"2021-04-26 11:26:03",,,"https://specieslink.net/col/155",,"UFPE","UFP",,"PRESERVED_SPECIMEN",,,"https://specieslink.net/guid/155/81654","81654","4382","Peralta, DF; Martins, SE; Aragaki, S",,,,,"PRESENT",,,,,,"2007-04-23","2007","4","23",,,,,,,"BR","São Paulo",,"Apiaí","Parque Natural Municipal Morro do Ouro, trilha que acompanha o rio menino",,,,"-24.517222","-48.835278",,,,,,,,,,,,,,,,,"Leucobryum",,,,,,,"Plantae","Bryophyta","Bryopsida","Dicranales",,"Leucobryaceae",,,,"Leucobryum","Leucobryum",,,,,,"genus",,"ACCEPTED",,"1e0f3d99-eb02-4806-b6a4-e903568129ec",,,TRUE,FALSE,,"Leucobryum Hampe","Leucobryum Hampe","null",FALSE,"LATIN_AMERICA","LATIN_AMERICA",,,"Brasil","700","700",,,"WGS84",,,,"Hampe","GBIF",,,,,,,,,,,,,,,,,,,,,,,,,,,,,"UFP",,"Peralta, D.F.","4382","2007",,,"Martins, S.E.; Aragaki, S.","Peralta",,"brazil","sao paulo","apiai","parque natural municipal morro do ouro",,"locality","brazil_sao paulo_apiai","brazil_sao paulo_apiai",-24.4215147,-48.81884868,"county","brazil_sao paulo_apiai","Brazil","São Paulo","Apiaí",,"ibge",TRUE,-24.517222,-48.835278,"coord_original","seconds",296148,"High","check_local.2municip.","Leucobryum hampe",,"name_w_wrong_case",,"Leucobryum hampe",,"species","not found",,,,"Leucobryum hampe","Leucobryum","Polypodiaceae","unknown","Leucobryum hampe"
"gbif","9.37586989764731e-315",,"2018-03-23","Physical Object",,,,"AK","AK",,"PRESERVED_SPECIMEN",,,"urn:catalog:AK:AK:AK124712","AK124712",,"J J Puiggari",,,,,"PRESENT",,,,,,"1880-01-01","1880","1","1",,,,,,,"BR",,,,"""Brazil, Apiahy, Sao Paulo . .""","""Brazil, Apiahy, Sao Paulo . .""",,,"-24.513889","-48.838889","2000",,,,,,,,,,,,,,,,"Lindigia capillacea",,,,,,,"Plantae","Bryophyta","Bryopsida","Hypnales",,"Brachytheciaceae",,,,"Aerolindigia","Lindigia",,,"capillacea",,,"species",,"SYNONYM",,"83ae84cf-88e4-4b5c-80b2-271a15a3e0fc",,,TRUE,FALSE,"Aerolindigia capillacea","Aerolindigia capillacea (Hornsch.) M.Menzel","Lindigia capillacea (Hornsch.) Hampe","null",FALSE,"LATIN_AMERICA","OCEANIA","NE",,"Brazil",,,,,"WGS84",,,,"(Hornsch.) Hampe","GBIF",,,,,,,,,,,,,,,,,,,,,,,,,,,,,"AK",,"Puiggari, J.J.",,"1880",,,,"Puiggari",,"brazil",,"""brazil","""brazil",,"country","brazil","brazil",-10.74257447,-53.08032013,"country","brazil","Brazil",,,,"gdam",TRUE,-24.513889,-48.838889,"coord_original","seconds",335738,"Low","ok_same_resolution","Lindigia capillacea","(Hornsch.) Hampe","name_w_authors",,"Lindigia capillacea","(Hornsch.) Hampe","species","not found",,,,"Lindigia capillacea (Hornsch.) Hampe","Lindigia","Zingiberaceae","unknown","Lindigia capillacea"
"speciesLink",,,"2024-08-28T17:11:07",,,"437",,"UNISANTA","HUSC",,"PreservedSpecimen",,,,"10061","1088","Aragaki, S.; Martins, S.E.; Peralta, D.F.",,,,,,,,,,,,"2007","04","23",,,,,,,,"São Paulo","Apiaí","Apiaí","Parque Natural Municipal Morro do Ouro.",,,,"-24.517222","-48.835278",,,,,,,,,,,,,,,,,"Mollinedia",,,,,,,"Plantae","Angiosperma",,,,"Monimiaceae",,,,"Mollinedia",,,,,,,,,,,,,,,,,,"Mollinedia",,,,,,,"Brasil","900","900",,,,,"-24.517222","-48.835278",,"Splink",,,,,,,,,,"HUSC010061",,,,,,,,,,,,,,,,,,,"HUSC",,"Aragaki, S.","1088","2007",,,"Martins, S.E.; Peralta, D.F.","Aragaki",,"brazil","sao paulo","apiai","parque natural municipal morro do ouro",,"locality","brazil_sao paulo_apiai","brazil_sao paulo_apiai",-24.4215147,-48.81884868,"county","brazil_sao paulo_apiai","Brazil","São Paulo","Apiaí",,"ibge",TRUE,-24.517222,-48.835278,"coord_original","seconds",1614851,"High","check_local.2municip.","Mollinedia","Ruiz & Pav.","indet","Monimiaceae","Mollinedia","Ruiz & Pav.","genus","name accepted","bfo-10070",,,"Mollinedia Ruiz & Pav.","Mollinedia","Monimiaceae","unknown",
"speciesLink",,,"1970-01-01T00:00:00",,,"745",,"KEW","K",,"PreservedSpecimen",,,,"K000343386","16068A","Glaziou, A.F.M.",,,,,,,,,,,,"1887","05","01",,,,,,,,"São Paulo","Apiaí","Apiaí","Apiahy, dans le foret.",,,,"-24.516667","-48.833333",,,,,,,,,,,,,,,,,"Myrcia huanocensis",,,,,,,"Plantae","Tracheophyta","Magnoliopsida","Myrtales",,"Myrtaceae",,,,"Myrcia",,,,"huanocensis",,,,,,,,,,,,,,"Myrcia huanocensis",,,,,,,"Brasil",,,,,,,,,"O.Berg","Splink",,,,,,,,,,"K000343386","SOUTH_AMERICA",,,,,,,,,,,,,,,,,,"K","code not found","Glaziou, A.F.M.","16068-A","1887",,,,"Glaziou",,"brazil","sao paulo","apiai","apiahy",,"locality","brazil_sao paulo_apiai","brazil_sao paulo_apiai",-24.4215147,-48.81884868,"county","brazil_sao paulo_apiai","Brazil","São Paulo","Apiaí",,"ibge",TRUE,-24.516667,-48.833333,"coord_original","minutes",1653880,"Low","check_local.2municip.","Myrcia splendens","(Sw.) DC.","possibly_ok","Myrtaceae","Myrcia splendens","(Sw.) DC.","species","name misspelled|replaced synonym","bfo-10759","Myrcia splendens","(Sw.) DC.","Myrcia splendens (Sw.) DC.","Myrcia","Myrtaceae","unknown","Myrcia splendens"
"gbif","9.37590056430195e-315",,"2018-03-23","Physical Object",,,,"AK","AK",,"PRESERVED_SPECIMEN",,,"urn:catalog:AK:AK:AK124813","AK124813",,"J J Puiggari",,,,,"PRESENT",,,,,,"1880-01-01","1880","1","1",,,,,,,"BR",,,,"""Brazil, Sao Paulo, Apiahy""","""Brazil, Sao Paulo, Apiahy""",,,"-24.513889","-48.838889","2000",,,,,,,,,,,,,,,,"Neckera pabstiana",,,,,,,"Plantae","Bryophyta","Bryopsida","Hypnales",,"Neckeraceae",,,,"Neckeropsis","Neckera",,,"pabstiana",,,"species",,"SYNONYM",,"83ae84cf-88e4-4b5c-80b2-271a15a3e0fc",,,TRUE,FALSE,"Neckeropsis pabstiana","Neckeropsis pabstiana (Müll.Hal.) Broth.","Neckera pabstiana Müll.Hal.","null",FALSE,"LATIN_AMERICA","OCEANIA","NE",,"Brazil",,,,,"WGS84",,,,"Müll.Hal.","GBIF",,,,,,,,,,,,,,,,,,,,,,,,,,,,,"AK",,"Puiggari, J.J.",,"1880",,,,"Puiggari",,"brazil",,"""brazil","""brazil",,"country","brazil","brazil",-10.74257447,-53.08032013,"country","brazil","Brazil",,,,"gdam",TRUE,-24.513889,-48.838889,"coord_original","seconds",335739,"Low","ok_same_resolution","Neckera pabstiana","Müll.Hal.","name_w_authors",,"Neckera pabstiana","Müll.Hal.","species","not found",,,,"Neckera pabstiana Müll.Hal.","Neckera","Araceae","unknown","Neckera pabstiana"
"gbif","9.37594578118986e-315",,"2018-03-23","Physical Object",,,,"AK","AK",,"PRESERVED_SPECIMEN",,,"urn:catalog:AK:AK:AK124815","AK124815",,"J J Puiggari",,,,,"PRESENT",,,,,,"1880-01-01","1880","1","1",,,,,,,"BR",,,,"""Brazil, Sao Paulo, Apiahy""","""Brazil, Sao Paulo, Apiahy""",,,"-24.513889","-48.838889","2000",,,,,,,,,,,,,,,,"Neckera puiggarii",,,,,,,"Plantae","Bryophyta","Bryopsida","Hypnales",,"Neckeraceae",,,,"Neckera","Neckera",,,"puiggarii",,,"species",,"ACCEPTED",,"83ae84cf-88e4-4b5c-80b2-271a15a3e0fc",,,TRUE,FALSE,"Neckera puiggarii","Neckera puiggarii Geh. & Hampe","Neckera puiggarii Geh. & Hampe","null",FALSE,"LATIN_AMERICA","OCEANIA","NE",,"Brazil",,,,,"WGS84",,,,"Geh. & Hampe","GBIF",,,,,,,,,,,,,,,,,,,,,,,,,,,,,"AK",,"Puiggari, J.J.",,"1880",,,,"Puiggari",,"brazil",,"""brazil","""brazil",,"country","brazil","brazil",-10.74257447,-53.08032013,"country","brazil","Brazil",,,,"gdam",TRUE,-24.513889,-48.838889,"coord_original","seconds",335740,"Low","ok_same_resolution","Neckera puiggarii","Geh. & Hampe","name_w_authors",,"Neckera puiggarii","Geh. & Hampe","species","not found",,,,"Neckera puiggarii Geh. & Hampe","Neckera","Melastomataceae","unknown","Neckera puiggarii"
"speciesLink",,,"2024-08-28T17:11:00",,,"437",,"UNISANTA","HUSC",,"PreservedSpecimen",,,,"8699","1009","Martins, S.E.; Aragaki, S.; Peralta, D.F.",,,,,,,,,,,,"2007","04","23",,,,,,,,"São Paulo","Apiaí","Apiaí","Parque Natural Municipal Morro do Ouro.",,,,"-24.5","-48.84",,"37738",,,,,,,,,,"Martins, S.E.",,"2007-04-NA",,,"Nematanthus tessmannii",,,,,,,"Plantae","Angiosperma",,,,"Gesneriaceae",,,,"Nematanthus",,,,"tessmannii",,,,,,,,,,,,,,"Nematanthus tessmannii",,,,,,,"Brasil",,,,,,,"0","0","(Hoehne) Chautems","Splink",,,,"04",,"2007",,,,"HUSC008699",,,,,,,,,,,,,,,,,,,"HUSC",,"Martins, S.E.","1009","2007","Martins, S.E.","2007","Aragaki, S.; Peralta, D.F.","Martins",,"brazil","sao paulo","apiai","parque natural municipal morro do ouro",,"locality","brazil_sao paulo_apiai","brazil_sao paulo_apiai",-24.4215147,-48.81884868,"county","brazil_sao paulo_apiai","Brazil","São Paulo","Apiaí",,"ibge",TRUE,-24.5,-48.84,"coord_original","miliseconds",1619160,"High","check_local.2municip.","Nematanthus tessmannii","(Hoehne) Chautems","possibly_ok","Gesneriaceae","Nematanthus tessmannii","(Hoehne) Chautems","species","name accepted","bfo-7867",,,"Nematanthus tessmannii (Hoehne) Chautems","Nematanthus","Gesneriaceae","low","Nematanthus tessmannii"
"speciesLink",,,"2021-12-09T11:02:38",,,"1",,"IBt","SP",,"PreservedSpecimen",,,,"412470","1017","Martins, SE; et al.",,,,,,,,,,,,"2007","04","23",,,,,,,,"São Paulo","Apiaí","Apiaí","Parque Natural Municipal Morro do Ouro",,,,"-24.517222","-48.835278",,,,,,,,,,,,"Moreira, BA",,"2007-04-NA",,,"Nidularium amazonicum",,,,,,,"Plantae",,,,,"Bromeliaceae",,,,"Nidularium",,,,"amazonicum",,,,,,,,,,,,,,"Nidularium amazonicum",,,,,,,"Brasil","900","900",,,,,"-24.517222","-48.835278","(Baker) Lindm.","Splink",,,,"04",,"2007",,,,,,,,,,,,,,,,,,,,,,,"SP",,"Martins, S.E.","1017","2007","Moreira, B.A.","2007",,"Martins",,"brazil","sao paulo","apiai","parque natural municipal morro do ouro",,"locality","brazil_sao paulo_apiai","brazil_sao paulo_apiai",-24.4215147,-48.81884868,"county","brazil_sao paulo_apiai","Brazil","São Paulo","Apiaí",,"ibge",TRUE,-24.517222,-48.835278,"coord_original","seconds",1179182,"High","check_local.2municip.","Nidularium amazonicum","(Baker) Linden & É.Morren ex Lindm.","possibly_ok","Bromeliaceae","Nidularium amazonicum","(Baker) Linden & É.Morren ex Lindm.","species","author misspelled","bfo-6233",,,"Nidularium amazonicum (Baker) Linden & É.Morren ex Lindm.","Nidularium","Bromeliaceae","high","Nidularium amazonicum"
"speciesLink",,,"2016-04-06T10:26:00",,,"728",,"P","MO-DUPLICATES",,"PreservedSpecimen",,,,"100258694","s.n.","J.I. Puiggari",,,,,,,,,,,,"1883",,,,,,,,,,"São Paulo",,,"Morro del Oro [Ouro]",,,,"-24.5147222","-48.8319445",,,,,,,,,,,,"E.P. Killip",,"1938-NA-NA",,,"Passiflora haematostigma",,,,,,,"Plantae",,,,,"Passifloraceae",,,,"Passiflora",,,,"haematostigma",,,,,,,,,,,,,,"Passiflora haematostigma",,,,,,,"Brazil",,,,,,,,,"Mart. ex Mast.","Splink",,,,,,"1938",,,,,"South America",,,,,,,,,,,,,,,,,,"MO-DUPLICATES","code not found","Puiggari, J.I.",,"1883","Killip, E.P.","1938",,"Puiggari",,"brazil","sao paulo","morro del oro [ouro]","morro del oro [ouro]",,"locality","brazil_sao paulo_morro oro [ouro]","brazil_sao paulo",-22.2584562,-48.7420254,"state","brazil_sao paulo","Brazil","São Paulo",,,"gdam",TRUE,-24.5147222,-48.8319445,"coord_original","miliseconds",1650628,"Low","check_local.2state","Passiflora haematostigma","Mart. ex Mast.","possibly_ok","Passifloraceae","Passiflora haematostigma","Mart. ex Mast.","species","name accepted","bfo-12532",,,"Passiflora haematostigma Mart. ex Mast.","Passiflora","Passifloraceae","high","Passiflora haematostigma"
"speciesLink",,,"2024-08-28T17:11:15",,,"437",,"UNISANTA","HUSC",,"PreservedSpecimen",,,,"10196","1086","Aragaki, S.; Martins, S.E.; Peralta, D.F.",,,,,,,,,,,,"2007","04","23",,,,,,,,"São Paulo","Apiai","Apiai","Parque Natural Municipal Morro do Ouro.",,,,"-24.517222","-48.835278",,,,,,,,,,,,,,,,,"Phytolaccaceae",,,,,,,"Plantae","Angiosperma",,,,"Phytolaccaceae",,,,,,,,,,,,,,,,,,,,,,"Phytolaccaceae",,,,,,,"Brasil","900","900",,,,,"-24.517222","-48.835278",,"Splink",,,,,,,,,,"HUSC010196",,,,,,,,,,,,,,,,,,,"HUSC",,"Aragaki, S.","1086","2007",,,"Martins, S.E.; Peralta, D.F.","Aragaki",,"brazil","sao paulo","apiai","parque natural municipal morro do ouro",,"locality","brazil_sao paulo_apiai","brazil_sao paulo_apiai",-24.4215147,-48.81884868,"county","brazil_sao paulo_apiai","Brazil","São Paulo","Apiaí",,"ibge",TRUE,-24.517222,-48.835278,"coord_original","seconds",1615289,"High","check_local.2municip.","Phytolaccaceae","R.Br.","family_as_genus","Phytolaccaceae","Phytolaccaceae","R.Br.","family","name accepted","bfo-187",,,"Phytolaccaceae R.Br.",,"Phytolaccaceae","unknown",
"speciesLink",,,"2022-12-15T11:34:20",,,"259",,"UFRGS","ICN",,"S",,,,"197297","1273","Alves-Silva, G",,,,,,,,,,,,"2018","02","06",,,,,,,,"SP","Apiaí","Apiaí","Parque Natural Municipal Morro do Ouro",,,,"-24.5","-48.84",,"37738",,,,,,,,,,"Palacio, M",,"2018-01-10",,,"Polyporus guianensis",,,,,,,"Plantae","Fungi",,,,"Polyporaceae",,,,"Polyporus",,,,"guianensis",,,,,,,,,,,,,,"Polyporus guianensis",,,,,,,"Brasil",,,,,,,"0","0","Mont.","Splink","10",,,"01",,"2018",,,,,"América do Sul",,,,,,,,,,,,,,,,,,"ICN",,"Alves-Silva, G.","1273","2018","Palacio, M.","2018",,"Alves-Silva",,"brazil","sao paulo","apiai","parque natural municipal morro do ouro",,"locality","brazil_sao paulo_apiai","brazil_sao paulo_apiai",-24.4215147,-48.81884868,"county","brazil_sao paulo_apiai","Brazil","São Paulo","Apiaí",,"ibge",TRUE,-24.5,-48.84,"coord_original","miliseconds",1590938,"High","check_local.2municip.","Polyporus guianensis","Mont.","possibly_ok",,"Polyporus guianensis","Mont.","species","not found",,,,"Polyporus guianensis Mont.","Polyporus","Polypodiaceae","low","Polyporus guianensis"
"speciesLink",,,"2022-12-15T11:34:20",,,"259",,"UFRGS","ICN",,"S",,,,"202970","677","Alves-Silva, G",,,,,,,,,,,,"2014","12","13",,,,,,,,"SP","Apiaí","Apiaí","Parque Natural Municipal Morro do Ouro",,,,"-24.5","-48.84",,"37738",,,,,,,,,,"Palacio, M",,"2021-05-21",,,"Polyporus aff. varius",,,,,,,"Plantae","Fungi",,,,"Polyporaceae",,,,"Polyporus",,,,"aff. varius",,,,,,,,,,,,,,"Polyporus aff. varius",,,,,,,"Brasil",,,,,,,"0","0","(Pers.) Fr.","Splink","21",,,"05",,"2021",,,,,"América do Sul",,,,,,,,,,,,,,,,,,"ICN",,"Alves-Silva, G.","677","2014","Palacio, M.","2021",,"Alves-Silva",,"brazil","sao paulo","apiai","parque natural municipal morro do ouro",,"locality","brazil_sao paulo_apiai","brazil_sao paulo_apiai",-24.4215147,-48.81884868,"county","brazil_sao paulo_apiai","Brazil","São Paulo","Apiaí",,"ibge",TRUE,-24.5,-48.84,"coord_original","miliseconds",1590937,"High","check_local.2municip.","Polyporus varius","(Pers.) Fr.","affinis",,"Polyporus varius","(Pers.) Fr.","species","not found",,,,"Polyporus varius (Pers.) Fr.","Polyporus","Polypodiaceae","low","Polyporus varius"
"speciesLink",,,"2015-11-05T22:17:00",,,"88",,"MO","MO",,"PreservedSpecimen",,,,"90252829","580","J.I. Puiggari",,,,,,,,,,,,,,,,,,,,,,"São Paulo",,,"Apiahy.",,,,"-24.5166667","-48.8333333",,,,,,,,,,,,,,,,,"Puiggariopsis aurifolia",,,,,,,"Plantae",,,,,"Hypnaceae",,,,"Puiggariopsis",,,,"aurifolia",,,,,,,,,,,,,,"Puiggariopsis aurifolia",,,,,,,"Brazil",,,,,,,,,"(Mitt.) M. Menzel","Splink",,,,,,,,,,,"South America",,,,,,,,,,,,,,,,,,"MO",,"Puiggari, J.I.","580",,,,,"Puiggari",,"brazil","sao paulo","apiahy","apiahy",,"locality","brazil_sao paulo_apiahy","brazil_sao paulo",-22.2584562,-48.7420254,"state","brazil_sao paulo","Brazil","São Paulo",,,"gdam",TRUE,-24.5166667,-48.8333333,"coord_original","miliseconds",1521155,"Low","check_local.2state","Puiggariopsis aurifolia","(Mitt.) M. Menzel","possibly_ok",,"Puiggariopsis aurifolia","(Mitt.) M. Menzel","species","not found",,,,"Puiggariopsis aurifolia (Mitt.) M. Menzel","Puiggariopsis","Chrysobalanaceae","unknown","Puiggariopsis aurifolia"
"speciesLink",,,"2024-08-28T17:10:55",,,"437",,"UNISANTA","HUSC",,"PreservedSpecimen",,,,"8590","1073","Aragaki, S.; Martins, S.E.; Peralta, D.F.",,,,,,,,,,,,"2007","04","23",,,,,,,,"São Paulo","Apiaí","Apiaí","Parque Natural Municipal Morro do Ouro",,,,"-24.5","-48.84",,"37738",,,,,,,,,,,,,,,"Sloanea",,,,,,,"Plantae","Angiosperma",,,,"Elaeocarpaceae",,,,"Sloanea",,,,,,,,,,,,,,,,,,"Sloanea",,,,,,,"Brasil",,,,,,,"0","0",,"Splink",,,,,,,,,,"HUSC008590",,,,,,,,,,,,,,,,,,,"HUSC",,"Aragaki, S.","1073","2007",,,"Martins, S.E.; Peralta, D.F.","Aragaki",,"brazil","sao paulo","apiai","parque natural municipal morro do ouro",,"locality","brazil_sao paulo_apiai","brazil_sao paulo_apiai",-24.4215147,-48.81884868,"county","brazil_sao paulo_apiai","Brazil","São Paulo","Apiaí",,"ibge",TRUE,-24.5,-48.84,"coord_original","miliseconds",1620337,"High","check_local.2municip.","Sloanea","L.","indet","Elaeocarpaceae","Sloanea","L.","genus","name accepted","bfo-7445",,,"Sloanea L.","Sloanea","Elaeocarpaceae","unknown",
"gbif","6.44364925631435e-315",,"2016-04-26 10:50:20",,,,,"PBI_NHM","PBI_NHM",,"OCCURRENCE",,,"6d392ea7-d36f-4ea5-b167-3ad7577399c4","2655784",,,,,,,"PRESENT",,,,,,,,,,,,,,,,"BR",,,,,,,,"-24.516667","-48.833333",,,,,,,,,,,,,,,,,"Solanum sisymbriifolium",,,,,,,"Plantae","Tracheophyta","Magnoliopsida","Solanales",,"Solanaceae",,,,"Solanum","Solanum",,,"sisymbriifolium",,,"species",,"ACCEPTED",,"07044577-bd82-4089-9f3a-f4a9d2170b2e",,,TRUE,FALSE,"Solanum sisymbriifolium","Solanum sisymbriifolium Lam.","Solanum sisymbriifolium Lam.","null",FALSE,"LATIN_AMERICA","LATIN_AMERICA","NE",,"BR",,,,,,,"-24.516667","-48.833333","Lam.","GBIF",,,,,,,,,,,,,,,,,,,,,,,,,,,,,"PBI_NHM","code not found",,,,,,,,,"brazil",,,,,"country","brazil","brazil",-10.74257447,-53.08032013,"country","brazil","Brazil",,,,"gdam",TRUE,-24.516667,-48.833333,"coord_original","minutes",236289,"Low","ok_same_resolution","Solanum sisymbriifolium","Lam.","name_w_authors","Solanaceae","Solanum sisymbriifolium","Lam.","species","name accepted","bfo-24915",,,"Solanum sisymbriifolium Lam.","Solanum","Solanaceae","unknown","Solanum sisymbriifolium"
"gbif","9.37547944744872e-315",,"2018-03-23","Physical Object",,,,"AK","AK",,"PRESERVED_SPECIMEN",,,"urn:catalog:AK:AK:AK123274","AK123274",,"J J Puiggari",,,,,"PRESENT",,,,,,"1880-01-01","1880","1","1",,,,,,,"BR",,,,"""Brazil, Apiahy, Sao Paulo""","""Brazil, Apiahy, Sao Paulo""",,,"-24.513889","-48.838889","2000",,,,,,,,,,,,,,,,"Sphagnum pulchricoma",,,,,,,"Plantae","Bryophyta","Sphagnopsida","Sphagnales",,"Sphagnaceae",,,,"Sphagnum","Sphagnum",,,"pulchricoma",,,"species",,"SYNONYM",,"83ae84cf-88e4-4b5c-80b2-271a15a3e0fc",,,TRUE,FALSE,"Sphagnum recurvum","Sphagnum recurvum P.Beauv.","Sphagnum pulchricoma Müll.Hal.","null",FALSE,"LATIN_AMERICA","OCEANIA","NE",,"Brazil",,,,,"WGS84",,,,"Müll.Hal.","GBIF",,,,,,,,,,,,,,,,,,,,,,,,,,,,,"AK",,"Puiggari, J.J.",,"1880",,,,"Puiggari",,"brazil",,"""brazil","""brazil",,"country","brazil","brazil",-10.74257447,-53.08032013,"country","brazil","Brazil",,,,"gdam",TRUE,-24.513889,-48.838889,"coord_original","seconds",335735,"Low","ok_same_resolution","Sphagnum pulchricoma","Müll.Hal.","name_w_authors",,"Sphagnum pulchricoma","Müll.Hal.","species","not found",,,,"Sphagnum pulchricoma Müll.Hal.","Sphagnum","Asteraceae","unknown","Sphagnum pulchricoma"
"speciesLink",,,"2021-12-09T11:02:49",,,"1",,"IBt","SP",,"PreservedSpecimen",,,,"412469","1010","Martins, SE; et al.",,,,,,,,,,,,"2007","04","23",,,,,,,,"São Paulo","Apiaí","Apiaí","Parque Natural Municipal Morro do Ouro",,,,"-24.517222","-48.835278",,,,,,,,,,,,"Wanderley, MGL",,"2007-04-NA",,,"Vriesea flava",,,,,,,"Plantae",,,,,"Bromeliaceae",,,,"Vriesea",,,,"flava",,,,,,,,,,,,,,"Vriesea flava",,,,,,,"Brasil","900","900",,,,,"-24.517222","-48.835278","A.F.Costa, H.Luther & Wand.","Splink",,,,"04",,"2007",,,,,,,,,,,,,,,,,,,,,,,"SP",,"Martins, S.E.","1010","2007","Wanderley, M.G.L.","2007",,"Martins",,"brazil","sao paulo","apiai","parque natural municipal morro do ouro",,"locality","brazil_sao paulo_apiai","brazil_sao paulo_apiai",-24.4215147,-48.81884868,"county","brazil_sao paulo_apiai","Brazil","São Paulo","Apiaí",,"ibge",TRUE,-24.517222,-48.835278,"coord_original","seconds",1260660,"High","check_local.2municip.","Vriesea flava","A.F.Costa, H.Luther & Wand.","possibly_ok","Bromeliaceae","Vriesea flava","A.F.Costa, H.Luther & Wand.","species","name accepted","bfo-34513",,,"Vriesea flava A.F.Costa, H.Luther & Wand.","Vriesea","Bromeliaceae","high","Vriesea flava"
"speciesLink",,,"2021-12-09T11:02:49",,,"1",,"IBt","SP",,"PreservedSpecimen",,,,"412473","1011","Martins, SE; et al.",,,,,,,,,,,,"2007","04","23",,,,,,,,"São Paulo","Apiaí","Apiaí","Parque Natural Municipal Morro do Ouro",,,,"-24.517222","-48.835278",,,,,,,,,,,,"Wanderley, MGL",,"2007-04-NA",,,"Vriesea friburgensis",,,,,,,"Plantae",,,,,"Bromeliaceae",,,,"Vriesea",,,,"friburgensis",,,,,,,,,,,,,,"Vriesea friburgensis",,,,,,,"Brasil","900","900",,,,,"-24.517222","-48.835278","Mez","Splink",,,,"04",,"2007",,,,,,,,,,,,,,,,,,,,,,,"SP",,"Martins, S.E.","1011","2007","Wanderley, M.G.L.","2007",,"Martins",,"brazil","sao paulo","apiai","parque natural municipal morro do ouro",,"locality","brazil_sao paulo_apiai","brazil_sao paulo_apiai",-24.4215147,-48.81884868,"county","brazil_sao paulo_apiai","Brazil","São Paulo","Apiaí",,"ibge",TRUE,-24.517222,-48.835278,"coord_original","seconds",1260671,"High","check_local.2municip.","Vriesea friburgensis","Mez","possibly_ok","Bromeliaceae","Vriesea friburgensis","Mez","species","name accepted","bfo-6468",,,"Vriesea friburgensis Mez","Vriesea","Bromeliaceae","high","Vriesea friburgensis"
"speciesLink",,,"2021-12-09T11:02:52",,,"1",,"IBt","SP",,"PreservedSpecimen",,,,"412472","1016","Martins, SE; et al.",,,,,,,,,,,,"2007","04","23",,,,,,,,"São Paulo","Apiaí","Apiaí","Parque Natural Municipal Morro do Ouro",,,,"-24.517222","-48.835278",,,,,,,,,,,,"Wanderley, MGL",,"2007-04-NA",,,"Vriesea pabstii",,,,,,,"Plantae",,,,,"Bromeliaceae",,,,"Vriesea",,,,"pabstii",,,,,,,,,,,,,,"Vriesea pabstii",,,,,,,"Brasil","900","900",,,,,"-24.517222","-48.835278","McWill. & L.B.Sm.","Splink",,,,"04",,"2007",,,,,,,,,,,,,,,,,,,,,,,"SP",,"Martins, S.E.","1016","2007","Wanderley, M.G.L.","2007",,"Martins",,"brazil","sao paulo","apiai","parque natural municipal morro do ouro",,"locality","brazil_sao paulo_apiai","brazil_sao paulo_apiai",-24.4215147,-48.81884868,"county","brazil_sao paulo_apiai","Brazil","São Paulo","Apiaí",,"ibge",TRUE,-24.517222,-48.835278,"coord_original","seconds",1260799,"High","check_local.2municip.","Vriesea pabstii","McWill. & L.B.Sm.","possibly_ok","Bromeliaceae","Vriesea pabstii","McWill. & L.B.Sm.","species","name accepted","bfo-6514",,,"Vriesea pabstii McWill. & L.B.Sm.","Vriesea","Bromeliaceae","high","Vriesea pabstii"
"speciesLink",,,"2021-12-09T11:02:52",,,"1",,"IBt","SP",,"PreservedSpecimen",,,,"412489","1014","Martins, SE; et al.",,,,,,,,,,,,"2007","04","23",,,,,,,,"São Paulo","Apiaí","Apiaí","Parque Natural Municipal Morro do Ouro",,,,"-24.517222","-48.835278",,,,,,,,,,,,"Wanderley, MGL",,"2007-04-NA",,,"Vriesea platynema",,,,,,,"Plantae",,,,,"Bromeliaceae",,,,"Vriesea",,,,"platynema",,,,,,,,,,,,,,"Vriesea platynema",,,,,,,"Brasil","900","900",,,,,"-24.517222","-48.835278","Gaudich.","Splink",,,,"04",,"2007",,,,,,,,,,,,,,,,,,,,,,,"SP",,"Martins, S.E.","1014","2007","Wanderley, M.G.L.","2007",,"Martins",,"brazil","sao paulo","apiai","parque natural municipal morro do ouro",,"locality","brazil_sao paulo_apiai","brazil_sao paulo_apiai",-24.4215147,-48.81884868,"county","brazil_sao paulo_apiai","Brazil","São Paulo","Apiaí",,"ibge",TRUE,-24.517222,-48.835278,"coord_original","seconds",1260821,"High","check_local.2municip.","Vriesea platynema","Gaudich.","possibly_ok","Bromeliaceae","Vriesea platynema","Gaudich.","species","name accepted","bfo-6528",,,"Vriesea platynema Gaudich.","Vriesea","Bromeliaceae","high","Vriesea platynema"
"gbif","1.69799593919633e-314","http://id.luomus.fi/HA.H3300550 Source: FinBIF",,,,,,"H","H-BR",,"PRESERVED_SPECIMEN",,,"http://id.luomus.fi/MY.5884477","http://id.luomus.fi/HA.H3300550","78","Puiggari, Juan Ignacio",,,,,"PRESENT",,,,,,"1879-01-01T00:00Z/1879-12-31T00:00Z","1879",,,,,,,,,"BR","São Paulo",,,"Apiaí",,,,"-24.52","-48.83",,,,,,,,,,"Zygodon parvulus","SYNTYPE","Geheeb, Adalbert",,,,,"Zygodon parvulus",,,,,,,"Plantae","Bryophyta","Bryopsida","Orthotrichales",,"Orthotrichaceae",,,,"Codonoblepharon","Zygodon",,,"parvulus",,,"species",,"SYNONYM",,"e97e4dfd-3458-46ae-8233-93af6af27a5e",,"StillImage",TRUE,FALSE,"Codonoblepharon pungens","Codonoblepharon pungens (Müll.Hal.) A.Jaeger","Zygodon parvulus Geh. & Hampe","null",FALSE,"LATIN_AMERICA","EUROPE","NE",,"Brazil",,,,,"EPSG:4326",,,,"Geh. & Hampe","GBIF",,,,,,,,,,,,,,,,,,,,,,,,,,,,,"H-BR","code not found","Puiggari, J.I.","78","1879","Geheeb, A.",,,"Puiggari",,"brazil","sao paulo","apiai","apiai",,"locality","brazil_sao paulo_apiai","brazil_sao paulo_apiai",-24.4215147,-48.81884868,"county","brazil_sao paulo_apiai","Brazil","São Paulo","Apiaí",,"ibge",TRUE,-24.52,-48.83,"coord_original","miliseconds",677193,"Low","check_local.2municip.","Zygodon parvulus","Geh. & Hampe","name_w_authors",,"Zygodon parvulus","Geh. & Hampe","species","not found",,,,"Zygodon parvulus Geh. & Hampe","Zygodon","Gesneriaceae","high","Zygodon parvulus"
