"","country","stateProvince","municipality","locality","loc.correct"
"1","BR","SP","ASSIS ","ESTAÇÃO ECOLÓGICA DE ASSIS","brazil_sao paulo_assis_eec assis"
"2","BR","SP","ASSIS ","FLORESTA ESTADUAL DE ASSIS","brazil_sao paulo_assis_floresta estadual assis"
"3","BR","SP","CANANÉIA ","PARQUE ESTADUAL DA ILHA DO CARDOSO","brazil_sao paulo_cananeia_pe ilha cardoso"
"4","BR","SP","PEDREGULHO ","PARQUE ESTADUAL DAS FURNAS DO BOM JESUS","brazil_sao paulo_pedregulho_pe furnas bom jesus"
"5","BR","SP","CAMPOS DO JORDÃO ","PARQUE ESTADUAL DE CAMPOS DO JORDÃO","brazil_sao paulo_campos jordao_pe campos jordao"
"6","BR","SP","SANTA RITA DO PASSA QUATRO ","PARQUE ESTADUAL DE VASSUNUNGA","brazil_sao paulo_santa rita passa quatro_pe vassununga"
"7","Brazil",NA,"São Paulo","Jabaquara","brazil_sao paulo_sao paulo_jabaquara"
"8","Brazil",NA,"São Paulo","Cidade Universitária Armando de Salles Oliveira, Universidade de São Paulo. Caminho em frente aos prédios das Ciências Biomédicas (ICB), próximo ao posto meteorológico.","brazil_sao paulo_sao paulo_campus usp (cuaso)"
"9","Brazil","So Paulo","Sao Miguel Arcanjo","Parque Estadual de Carlos Botelho, Instituto Florestal.","brazil_sao paulo_sao miguel arcanjo_pe carlos botelho"
"11","Brazil","So Paulo","Sao Paulo","Butantan","brazil_sao paulo_sao paulo_butanta"
"12","Brazil","So Paulo","Sao Paulo","Pinheiros","brazil_sao paulo_sao paulo_pinheiros"
"13","Brazil","So Paulo","Sao Paulo","Santo Amaro. Buschwald","brazil_sao paulo_sao paulo_santo amaro"
"15","Brazil","So Paulo","Sao Paulo","Ipiranga","brazil_sao paulo_sao paulo_ipiranga"
"17","Brazil","So Paulo","Sete Barras","Fazenda Intervales, sede Saibadela","brazil_sao paulo_sete barras_pe intervales"
"23","Brazil","So Paulo","Ubatuba","Picinguaba.","brazil_sao paulo_ubatuba_picinguaba"
"24","Brazil","So Paulo","Campinas","Campinas, Fazenda Santa Elisa","brazil_sao paulo_campinas_fazenda santa elisa"
"25","Brazil","So Paulo","Campinas","Fazenda Santa Genebra.","brazil_sao paulo_campinas_rm santa genebra"
"29","Brazil",NA,"São Paulo","Cursino, Instituto de Botanica, epiphytisch; 750m","brazil_sao paulo_sao paulo_cursino"
"39","Brasil","São Paulo","Agudos","Fazenda Santa Rita","brazil_sao paulo_agudos_fazenda santa rita"
"197","Brasil","São Paulo","Barretos","Fazenda Floresta","brazil_sao paulo_barretos_fazenda floresta"
"204","Brasil","São Paulo","Botucatu","Fazenda Experimental Edgárdia","brazil_sao paulo_botucatu_fazenda experimental edgardia"
"210","Brasil","São Paulo","Botucatu","fazenda Goldfarm","brazil_sao paulo_botucatu_fazenda goldfarm"
"211","Brasil","São Paulo","Botucatu","distrito de Rubião Júnior, próximo ao refúgio dos Padres, a mais ou menos 1,5 km de FCMBB.","brazil_sao paulo_botucatu_rubiao junior"
"355","Brazil","São Paulo","Botucatu","Vitoriana, arredores.","brazil_sao paulo_botucatu_vitoriana"
"361","Brazil","São Paulo","Brotas","Horto Santa Fé, Coletado em borda de mata.","brazil_sao paulo_brotas_horto santa fe"
"367","Brazil","São Paulo","Brotas","Margem do Rio Jacaré Pepira","brazil_sao paulo_brotas_margem rio jacare pepira"
"379","Brazil","São Paulo","Campinas","Fazenda Espírito Santo (Fragmento P3)","brazil_sao paulo_campinas_fazenda espirito santo"
"2125","Brazil","Sp","Campinas","Fazenda Santa Helena","brazil_sao paulo_campinas_fazenda santa helena"
"2127","Brasil","São Paulo","Campinas","Fazenda São Vicente","brazil_sao paulo_campinas_fazenda sao vicente"
"2180","Brazil","São Paulo","Campinas","Campinas/ Itatiba. Mata Furnas.","brazil_sao paulo_campinas_mata furnas"
"2219","Brazil","São Paulo","Campinas","Monjolinho","brazil_sao paulo_campinas_monjolinho"
"2576","Brazil","São Paulo","Campinas","Souzas","brazil_sao paulo_campinas_souzas"
"3484","Brazil","São Paulo","Cananéia","Ariri","brazil_sao paulo_cananeia_ariri"
"3486","Brasil","São Paulo",NA,"Ilha do Cardoso.","brazil_sao paulo_cananeia_ilha cordoso"
"6544","Brasil","São Paulo","Caraguatatuba","PE da Serra do Mar","brazil_sao paulo_caraguatatuba_pe serra mar"
"6545","Brazil","São Paulo","Caraguatatuba","Porto Novo","brazil_sao paulo_caraguatatuba_porto novo"
"6553","Brasil","São Paulo","Cotia","Caucaia do Alto, propriedade da Lila.","brazil_sao paulo_cotia_caucaia alto"
"6578","Brasil","São Paulo","Cunha","Campos de Cunha","brazil_sao paulo_cunha_campos cunha"
"6584","Brazil","São Paulo","Dourado","Margem do Rio Jacaré-Pepira","brazil_sao paulo_dourado_margem rio jacare pepira"
"6586","Brasil","São Paulo","Guarujá","Vicente de Carvalho, Vila Zilda","brazil_sao paulo_guaruja_vicente carvalho"
"6589","Brasil","São Paulo","Guarulhos","Jardim Presidente Dutra .","brazil_sao paulo_guarulhos_jardim presidente dutra"
"6591","Brasil","Sp","Iperó","Floresta Nacional de Ipanema","brazil_sao paulo_ipero_flona ipanema"
"6669","Brasil","São Paulo","Iporanga","Parque Estadual Turístico do Alto Ribeira, Núcleo Areado, Trilha da Serra do Facão.","brazil_sao paulo_iporanga_pe turistico alto ribeira"
"6844","Brazil","São Paulo","Itapeva","Guarizinho, Brejo localizado ao lado da estação da Sabesp.","brazil_sao paulo_itapeva_guarizinho"
"6846","Brazil","São Paulo","Itatiba","Fazenda Malabar (Fragmento M2); área total: 21ha","brazil_sao paulo_itatiba_fazenda malabar"
"6847","Brazil","São Paulo","Itirapina","Itaqueri da Serra","brazil_sao paulo_itirapina_itaqueri serra"
"6852","Brasil","Sp","Itirapina","Serra de Itaqueri","brazil_sao paulo_itirapina_serra itaqueri"
"6893","BRASIL","São Paulo","Jaboticabal","Campus UNESP Jaboticabal","brazil_sao paulo_jaboticabal_campus unesp jaboticabal"
"6897","Brasil","São Paulo","Jaboticabal","Córrego Rico","brazil_sao paulo_jaboticabal_corrego rico"
"6898","Brazil","São Paulo","Joanópolis","Serra do Lopo, trilha de acesso à Pedra do Cabrito.","brazil_sao paulo_joanopolis_serra lopo"
"6904","Brasil","São Paulo","lavrinhas","Pinheiros.","brazil_sao paulo_lavrinhas_pinheiros"
"6905","Brasil","São Paulo","Lençóis Paulista","Alfredo Guedes (vila)","brazil_sao paulo_lencois paulista_alfredo guedes"
"6906","Brasil","São Paulo","Lindóia","Margem do Rio do Peixe.","brazil_sao paulo_lindoia_margem rio peixe"
"6914","Brasil","São Paulo","Macaubal","Distrito de Ida Iolanda, Faz. Pauã","brazil_sao paulo_macaubal_fazenda paua"
"6923","Brasil","São Paulo","Mairiporã","Parque Estadual da Cantareira, região Águas Claras.","brazil_sao paulo_mairipora_pe cantareira"
"7046","Brasil","São Paulo","Matão","Fazenda Cambuhy.","brazil_sao paulo_matao_fazenda cambuhy"
"7123","BRASIL","São Paulo","Miracatu","Pedro de Barros, manancial da SABESP","brazil_sao paulo_miracatu_pedro barros"
"7130","Brasil","São Paulo","Miracatu","Santa Rita do Ribeira.","brazil_sao paulo_miracatu_santa rita ribeira"
"7131","Brasil","São Paulo","Mogi das Cruzes","Biritiba Ussú, na base do Morro da Pedra do Sapo","brazil_sao paulo_mogi cruzes_biritiba ussu"
"7141","Brasil","São Paulo","Mogi das Cruzes","Jundiapeba","brazil_sao paulo_mogi cruzes_jundiapeba"
"7143","Brasil","São Paulo","Mogi Guaçu","Estado de São Paolo, Mun. Moji-Guaçu, Padua Sales, Fazenda Campininha","brazil_sao paulo_mogi guacu_eec mogi guacu"
"10041","Brasil","São Paulo","Natividade da Serra","Bairro Alto, trilha da Vargem Grande, Cachoeira dos Macacos-Guaricanga","brazil_sao paulo_natividade serra_bairro alto"
"10043","Brasil","São Paulo","Nova Aliança","Nova Itapirema, distrito de Nova Aliança. Arredores do município","brazil_sao paulo_nova alianca_nova itapirema"
"10052","Brasil","São Paulo","Nova Granada","onda branca","brazil_sao paulo_nova granada_onda branca"
"10056","Brasil","São Paulo","Olímpia","ribeiro dos santos","brazil_sao paulo_olimpia_ribeiro santos"
"10060","Brasil","São Paulo","Palestina","Fazenda Boa Vista","brazil_sao paulo_palestina_fazenda boa vista"
"10069","Brasil","São Paulo","Pariquera-Açu","Parque Estadual de Pariquera-Abaixo, Trilha da Campina.","brazil_sao paulo_pariquera acu_pe campina encantado"
"10400","Brazil","São Paulo","Pereira Barreto","Fazenda Esmeralda, Gleba 13H da área de assentamento do INCRA, margem do braço direito do rio Tietê, borda de mata seca semidecídua, muito perturbada.","brazil_sao paulo_pereira barreto_fazenda esmeralda"
"10475","Brasil","São Paulo","Peruíbe","Estação Ecológica de Juréia-Itatins, Núcleo Arpoador, Trilha do Fundão, NUBBE2005","brazil_sao paulo_peruibe_eec jureia itatins"
"10883","Brasil","São Paulo","Piracicaba","Artemis","brazil_sao paulo_piracicaba_artemis"
"10886","Brasil","Sp","Piracicaba","Campus da ESALQ","brazil_sao paulo_piracicaba_campus esalq"
"10954","Brasil","São Paulo","Piracicaba","Tupi","brazil_sao paulo_piracicaba_tupi"
"10957","Brasil","São Paulo","Pirajuí","Corredeira, brejo.","brazil_sao paulo_pirajui_corredeira"
"10964","Brasil","São Paulo","Pirassununga","Emas.","brazil_sao paulo_pirassununga_cachoeira emas"
"11038","Brazil","São Paulo","Praia Grande","Solemar.","brazil_sao paulo_praia grande_solemar"
"11040","Brasil","São Paulo","Ribeirão Preto","Bonfim Paulista, distrito do município Ribeirão Preto","brazil_sao paulo_ribeirao preto_bonfim paulista"
"11042","Brasil","São Paulo","Rio Claro","Ajapi","brazil_sao paulo_rio claro_ajapi"
"11046","Brasil","São Paulo","Rio Claro","Câmpus da UNESP, muro do Jardim Experimental.","brazil_sao paulo_rio claro_campus unesp rio claro"
"11087","Brasil","São Paulo","Rio Claro","Fazenda São José. Floresta paludosa.","brazil_sao paulo_rio claro_fazenda sao jose"
"11348","Brasil","São Paulo","Santo André","Paranapiacaba, Trilha do Morante","brazil_sao paulo_santo andre_paranapiacaba"
"11486","Brasil","São Paulo","Santo Antônio do Aracanguá","Distrito de Vicentópolis, Fazenda Rancho Alegre","brazil_sao paulo_santo antonio aracangua_fazenda rancho alegre"
"11497","Brazil","São Paulo","São Bernardo do Campo","Parque Caminhos do Mar","brazil_sao paulo_sao bernardo campo_parque caminhos mar"
"11660","Brasil","São Paulo","São Bernardo do Campo","Riacho Grande","brazil_sao paulo_sao bernardo campo_riacho grande"
"11661","Brasil","São Paulo","São José do Rio Preto","Engenheiro Schmidt, córrego próximo da cidade","brazil_sao paulo_sao jose rio preto_engenheiro schmidt"
"11664","Brasil","São Paulo","São José do Rio Preto","Talhado","brazil_sao paulo_sao jose rio preto_talhado"
"11667","Brasil","São Paulo","São Luiz do Paraitinga","Parque Estadual da Serra do Mar.","brazil_sao paulo_sao luiz paraitinga_parque estadual serra mar"
"12261","Brasil","São Paulo","São Paulo","Alto de Pinheiros.","brazil_sao paulo_sao paulo_alto pinheiros"
"12268","Brasil","São Paulo","São Paulo","Anhanguera. Vila Anhanguera. Km 23.","brazil_sao paulo_sao paulo_anhanguera"
"12271","Brasil","São Paulo","São Paulo","Artur Alvim.","brazil_sao paulo_sao paulo_artur alvim"
"12274","Brasil","São Paulo","São Paulo","Barra Funda.","brazil_sao paulo_sao paulo_barra funda"
"12281","Brasil","São Paulo","São Paulo","BELA VISTA, CHCARA MOXOTÓ´( MUN. BARRA DO TURVO).","brazil_sao paulo_sao paulo_bela vista"
"12286","Brasil","São Paulo","São Paulo","Belém.","brazil_sao paulo_sao paulo_belem"
"12302","Brazil","São Paulo",NA,"Bras., Prov. São Pãulo, in itinere S. Amraro - Barra Mausa, distr. urbis Hapecirica, in silvis ad Palmeiras de São Lourenzo, 800-900 m.","brazil_sao paulo_sao paulo_bras"
"12546","Brasil","São Paulo","São Paulo","Cachoeirinha.","brazil_sao paulo_sao paulo_cachoeirinha"
"12547","Brasil","São Paulo","São Paulo","Cambuci","brazil_sao paulo_sao paulo_cambuci"
"12551","Brasil","São Paulo","São Paulo","Campo Belo, Av. Santo Amaro.","brazil_sao paulo_sao paulo_campo belo"
"12552","Brasil","São Paulo","São Paulo","Campo Grande, alto da Serra de Lavras","brazil_sao paulo_sao paulo_campo grande"
"12565","Brasil","São Paulo","São Paulo","Campo Limpo.","brazil_sao paulo_sao paulo_campo limpo"
"12570","Brasil","São Paulo","São Paulo","Campus da USP, próximo ao prédio do Instituto de Biociências.","brazil_sao paulo_sao paulo_campus usp"
"12799","Brazil","Sp","São Paulo","Cangaiba","brazil_sao paulo_sao paulo_cangaiba"
"12800","Brazil","Sp","São Paulo","Capão Redondo","brazil_sao paulo_sao paulo_capao redondo"
"12801","Brasil","São Paulo","São Paulo","Casa Verde, na várzea.","brazil_sao paulo_sao paulo_casa verde"
"12832","Brasil","São Paulo","São Paulo","cidade Ademar","brazil_sao paulo_sao paulo_cidade ademar"
"12835","Brasil","São Paulo","São Paulo","Cidade Dutra","brazil_sao paulo_sao paulo_cidade dutra"
"12836","Brazil","Sp","São Paulo","Cidade Tiradentes","brazil_sao paulo_sao paulo_cidade tiradentes"
"12837","Brasil","São Paulo","São Paulo","Consolação","brazil_sao paulo_sao paulo_consolacao"
"12838","Brasil","São Paulo","São Paulo","Freguesia do Ó, no mato.","brazil_sao paulo_sao paulo_freguesia o"
"12853","Brasil","São Paulo","São Paulo","Grajaú. Global Empreend. Imob.; mineração abandonada.","brazil_sao paulo_sao paulo_grajau"
"12859","Brasil","São Paulo","São Paulo","Guaianases, Geossítio Filitos.","brazil_sao paulo_sao paulo_guaianases"
"12860","Brasil","São Paulo","São Paulo","Iguatemi.","brazil_sao paulo_sao paulo_iguatemi"
"12995","Brazil","Sp","São Paulo","Itaim Paulista","brazil_sao paulo_sao paulo_itaim paulista"
"12996","Brasil","São Paulo","São Paulo","Itaquera, campo.","brazil_sao paulo_sao paulo_itaquera"
"13050","Brasil","São Paulo","São Paulo","Jaçanã.","brazil_sao paulo_sao paulo_jacana"
"13055","Brasil","São Paulo","São Paulo","Jaguaré","brazil_sao paulo_sao paulo_jaguare"
"13060","Brasil","São Paulo","São Paulo","Jaragua. São Paulo, São Paulo, Sudeste, Brasil, América do Sul","brazil_sao paulo_sao paulo_jaragua"
"13097","Brasil","São Paulo","São Paulo","Terreno à rua Carmelo Cali, Jardim Ângela.","brazil_sao paulo_sao paulo_jardim angela"
"13098","Brasil","Sp","São Paulo","Jardim Novo Parelheiros","brazil_sao paulo_sao paulo_jardim novo parelheiros"
"13100","Brasil","São Paulo","São Paulo","Jardim Paulista","brazil_sao paulo_sao paulo_jardim paulista"
"13103","Brasil","São Paulo","São Paulo","Lajeado","brazil_sao paulo_sao paulo_lajeado"
"13104","Brazil","São Paulo","São Paulo","Lapa","brazil_sao paulo_sao paulo_lapa"
"13116","Brazil","São Paulo","São Paulo","Liberdade.","brazil_sao paulo_sao paulo_liberdade"
"13120","Brasil","São Paulo","São Paulo","Mandaqui","brazil_sao paulo_sao paulo_mandaqui"
"13131","Brasil","São Paulo","São Paulo","Moema","brazil_sao paulo_sao paulo_moema"
"13135","Brasil","São Paulo","São Paulo","Mooca","brazil_sao paulo_sao paulo_mooca"
"13158","Brasil","São Paulo","São Paulo","Morumbi","brazil_sao paulo_sao paulo_morumbi"
"13180","Brasil","Sp","São Paulo","Parelheiros","brazil_sao paulo_sao paulo_parelheiros"
"13308","Brazil","São Paulo","São Paulo","Parque Ecológico da APA do Carmo","brazil_sao paulo_sao paulo_parque carmo"
"13546","Brasil","São Paulo","São Paulo","Parque Estadual da Serra do Mar","brazil_sao paulo_sao paulo_parque estadual serra mar"
"13584","Brasil","São Paulo","São Paulo","Parque Estadual da Cantareira, Barrocada, margem da represa.","brazil_sao paulo_sao paulo_pe cantareira"
"13789","Brasil","São Paulo","São Paulo","Pedreira.","brazil_sao paulo_sao paulo_pedreira"
"13792","Brasil","São Paulo","São Paulo","Penha, Á beira da mata.","brazil_sao paulo_sao paulo_penha"
"13814","Brasil","São Paulo","São Paulo","Perdizes.","brazil_sao paulo_sao paulo_perdizes"
"13817","Brasil","São Paulo","SÃO PAULO","Perus, E.F.Santos/Jundiaí.","brazil_sao paulo_sao paulo_perus"
"13901","Brasil","São Paulo","São Paulo","Pirituba, Anastácio Empreendimentos Imobiliários e Participações Ltda.-Av. Raimundo Pereira de Magalhães, 8223.","brazil_sao paulo_sao paulo_pirituba"
"13929","Brasil","São Paulo","São Paulo","Raposo Tavares","brazil_sao paulo_sao paulo_raposo tavares"
"13930","Brasil","São Paulo","São Paulo","Rio Pequeno.","brazil_sao paulo_sao paulo_rio pequeno"
"13941","Brasil","São Paulo","SÃO PAULO","Sacomã.","brazil_sao paulo_sao paulo_sacoma"
"13948","Brasil","São Paulo","São Paulo","Santana, na rua Carandiru.","brazil_sao paulo_sao paulo_santana"
"14061","Brazil","São Paulo","São Paulo","São Miguel.","brazil_sao paulo_sao paulo_sao miguel"
"14065","Brasil","São Paulo","São Paulo","Sapopemba.","brazil_sao paulo_sao paulo_sapopemba"
"14067","Brasil","São Paulo","São Paulo","Saúde","brazil_sao paulo_sao paulo_saude"
"14075","Brasil","São Paulo","São Paulo","S.E.S. Santo Amaro.","brazil_sao paulo_sao paulo_se"
"14076","Brazil","São Paulo","São Paulo","Socorro.","brazil_sao paulo_sao paulo_socorro"
"14078","Brasil","São Paulo","São Paulo","Tatuapé, em terreno frente ao Shopping Anália Franco.","brazil_sao paulo_sao paulo_tatuape"
"14080","Brasil","São Paulo","São Paulo","Tremembé, Num campo alto.","brazil_sao paulo_sao paulo_tremembe"
"14104","Brazil","São Paulo","São Paulo","Tucuruvi.","brazil_sao paulo_sao paulo_tucuruvi"
"14111","Brasil","São Paulo","São Paulo","Vila Formosa","brazil_sao paulo_sao paulo_vila formosa"
"14112","Brasil","São Paulo","São Paulo","Vila Leopoldina, Rio Tieté.","brazil_sao paulo_sao paulo_vila leopoldina"
"14130","Brasil","São Paulo","São Paulo","Vila Maria","brazil_sao paulo_sao paulo_vila maria"
"14141","Brasil","São Paulo","São Paulo","Vila Mariana, canteiro em frente ao DETRAN (atual MAC-USP).","brazil_sao paulo_sao paulo_vila mariana"
"14161","Brasil","São Paulo","São Paulo","Vila Prudente, Em campo alto.","brazil_sao paulo_sao paulo_vila prudente"
"14176","Brasil","São Paulo","São Paulo","Vila Sônia","brazil_sao paulo_sao paulo_vila sonia"
"14177","Brasil","São Paulo","São Sebastião","Maresias, próximo à costão na ponta direita da praia homônima.","brazil_sao paulo_sao sebastiao_maresias"
"14181","Brasil","São Paulo","São Simão","Horto Florestal, junto à Estação Bento Quirino.","brazil_sao paulo_sao simao_horto florestal"
"14204","Brasil","São Paulo","São Vicente","Parque Estadual Xixová-Japuí.","brazil_sao paulo_sao vicente_parque estadual xixova japui"
"14333","Brasil","São Paulo","Sete Barras","Fazenda São José, área de restauração projeto Sete Barras.","brazil_sao paulo_sete barras_fazenda sao jose"
"14335","Brasil","São Paulo","Mamparra","Reserva Floresta Carlos Botelho, A 2km da ""sedinha"", beira da estrada","brazil_sao paulo_sete barras_mamparra"
"14376","Brasil","São Paulo","Sete Barras","Parque Estadual Carlos Botelho.","brazil_sao paulo_sete barras_pe carlos botelho"
"15495","Brasil","São Paulo","Sorocaba","Brigadeiro Tobias.","brazil_sao paulo_sorocaba_brigadeiro tobias"
"15496","Brazil","São Paulo","Sumaré","Nova Veneza","brazil_sao paulo_sumare_nova veneza"
"15500","Brasil","São Paulo","Taquaritinga","Fazenda Santa Lúcia","brazil_sao paulo_taquaritinga_fazenda santa lucia"
"15506","BRASIL","São Paulo","Taquaritinga","Jurupema","brazil_sao paulo_taquaritinga_jurupema"
"15507","Brasil","São Paulo","Taubaté","Quiririm","brazil_sao paulo_taubate_quiririm"
"15508","Brazil","São Paulo","Teodoro Sampaio","Pontal do Paranapanema.","brazil_sao paulo_teodoro sampaio_pontal paranapanema"
"15516","Brasil","São Paulo","Tupã","Varpa","brazil_sao paulo_tupa_varpa"
"15517","Brasil","São Paulo","Turmalina","Fazenda São João","brazil_sao paulo_turmalina_fazenda sao joao"
"16242","Brasil","São Paulo","Votuporanga","Fazenda Primavera.","brazil_sao paulo_votuporanga_fazenda primavera"
